hole1,hole2,nominal1,nominal2,facevalue1,facevalue2,high,face,straight,suited,pair
0,1,0,1,'Ah','2h',1,1,1,1,0
0,1,0,1,'Ah','2h',1,1,1,1,0
0,2,0,2,'Ah','3h',1,1,1,1,0
0,2,0,2,'Ah','3h',1,1,1,1,0
0,3,0,3,'Ah','4h',1,1,1,1,0
0,3,0,3,'Ah','4h',1,1,1,1,0
0,4,0,4,'Ah','5h',1,1,1,1,0
0,4,0,4,'Ah','5h',1,1,1,1,0
0,5,0,5,'Ah','6h',1,1,0,1,0
0,5,0,5,'Ah','6h',1,1,0,1,0
0,6,0,6,'Ah','7h',1,1,0,1,0
0,6,0,6,'Ah','7h',1,1,0,1,0
0,7,0,7,'Ah','8h',1,1,0,1,0
0,7,0,7,'Ah','8h',1,1,0,1,0
0,8,0,8,'Ah','9h',2,1,0,1,0
0,8,0,8,'Ah','9h',2,1,0,1,0
0,9,0,9,'Ah','Th',2,1,1,1,0
0,9,0,9,'Ah','Th',2,1,1,1,0
0,10,0,10,'Ah','Jh',2,1,1,1,0
0,10,0,10,'Ah','Jh',2,1,1,1,0
0,11,0,11,'Ah','Qh',2,1,1,1,0
0,11,0,11,'Ah','Qh',2,1,1,1,0
0,12,0,12,'Ah','Kh',2,1,1,1,0
0,12,0,12,'Ah','Kh',2,1,1,1,0
0,13,0,0,'Ah','Ad',2,1,1,0,1
0,13,0,0,'Ah','Ad',2,1,1,0,1
0,14,0,1,'Ah','2d',1,1,1,0,0
0,14,0,1,'Ah','2d',1,1,1,0,0
0,15,0,2,'Ah','3d',1,1,1,0,0
0,15,0,2,'Ah','3d',1,1,1,0,0
0,16,0,3,'Ah','4d',1,1,1,0,0
0,16,0,3,'Ah','4d',1,1,1,0,0
0,17,0,4,'Ah','5d',1,1,1,0,0
0,17,0,4,'Ah','5d',1,1,1,0,0
0,18,0,5,'Ah','6d',1,1,0,0,0
0,18,0,5,'Ah','6d',1,1,0,0,0
0,19,0,6,'Ah','7d',1,1,0,0,0
0,19,0,6,'Ah','7d',1,1,0,0,0
0,20,0,7,'Ah','8d',1,1,0,0,0
0,20,0,7,'Ah','8d',1,1,0,0,0
0,21,0,8,'Ah','9d',2,1,0,0,0
0,21,0,8,'Ah','9d',2,1,0,0,0
0,22,0,9,'Ah','Td',2,1,1,0,0
0,22,0,9,'Ah','Td',2,1,1,0,0
0,23,0,10,'Ah','Jd',2,1,1,0,0
0,23,0,10,'Ah','Jd',2,1,1,0,0
0,24,0,11,'Ah','Qd',2,1,1,0,0
0,24,0,11,'Ah','Qd',2,1,1,0,0
0,25,0,12,'Ah','Kd',2,1,1,0,0
0,25,0,12,'Ah','Kd',2,1,1,0,0
0,26,0,0,'Ah','As',2,1,1,0,1
0,26,0,0,'Ah','As',2,1,1,0,1
0,27,0,1,'Ah','2s',1,1,1,0,0
0,27,0,1,'Ah','2s',1,1,1,0,0
0,28,0,2,'Ah','3s',1,1,1,0,0
0,28,0,2,'Ah','3s',1,1,1,0,0
0,29,0,3,'Ah','4s',1,1,1,0,0
0,29,0,3,'Ah','4s',1,1,1,0,0
0,30,0,4,'Ah','5s',1,1,1,0,0
0,30,0,4,'Ah','5s',1,1,1,0,0
0,31,0,5,'Ah','6s',1,1,0,0,0
0,31,0,5,'Ah','6s',1,1,0,0,0
0,32,0,6,'Ah','7s',1,1,0,0,0
0,32,0,6,'Ah','7s',1,1,0,0,0
0,33,0,7,'Ah','8s',1,1,0,0,0
0,33,0,7,'Ah','8s',1,1,0,0,0
0,34,0,8,'Ah','9s',2,1,0,0,0
0,34,0,8,'Ah','9s',2,1,0,0,0
0,35,0,9,'Ah','Ts',2,1,1,0,0
0,35,0,9,'Ah','Ts',2,1,1,0,0
0,36,0,10,'Ah','Js',2,1,1,0,0
0,36,0,10,'Ah','Js',2,1,1,0,0
0,37,0,11,'Ah','Qs',2,1,1,0,0
0,37,0,11,'Ah','Qs',2,1,1,0,0
0,38,0,12,'Ah','Ks',2,1,1,0,0
0,38,0,12,'Ah','Ks',2,1,1,0,0
0,39,0,0,'Ah','Ac',2,1,1,0,1
0,39,0,0,'Ah','Ac',2,1,1,0,1
0,40,0,1,'Ah','2c',1,1,1,0,0
0,40,0,1,'Ah','2c',1,1,1,0,0
0,41,0,2,'Ah','3c',1,1,1,0,0
0,41,0,2,'Ah','3c',1,1,1,0,0
0,42,0,3,'Ah','4c',1,1,1,0,0
0,42,0,3,'Ah','4c',1,1,1,0,0
0,43,0,4,'Ah','5c',1,1,1,0,0
0,43,0,4,'Ah','5c',1,1,1,0,0
0,44,0,5,'Ah','6c',1,1,0,0,0
0,44,0,5,'Ah','6c',1,1,0,0,0
0,45,0,6,'Ah','7c',1,1,0,0,0
0,45,0,6,'Ah','7c',1,1,0,0,0
0,46,0,7,'Ah','8c',1,1,0,0,0
0,46,0,7,'Ah','8c',1,1,0,0,0
0,47,0,8,'Ah','9c',2,1,0,0,0
0,47,0,8,'Ah','9c',2,1,0,0,0
0,48,0,9,'Ah','Tc',2,1,1,0,0
0,48,0,9,'Ah','Tc',2,1,1,0,0
0,49,0,10,'Ah','Jc',2,1,1,0,0
0,49,0,10,'Ah','Jc',2,1,1,0,0
0,50,0,11,'Ah','Qc',2,1,1,0,0
0,50,0,11,'Ah','Qc',2,1,1,0,0
0,51,0,12,'Ah','Kc',2,1,1,0,0
0,51,0,12,'Ah','Kc',2,1,1,0,0
1,2,1,2,'2h','3h',0,0,1,1,0
1,2,1,2,'2h','3h',0,0,1,1,0
1,3,1,3,'2h','4h',0,0,1,1,0
1,3,1,3,'2h','4h',0,0,1,1,0
1,4,1,4,'2h','5h',0,0,1,1,0
1,4,1,4,'2h','5h',0,0,1,1,0
1,5,1,5,'2h','6h',0,0,1,1,0
1,5,1,5,'2h','6h',0,0,1,1,0
1,6,1,6,'2h','7h',0,0,0,1,0
1,6,1,6,'2h','7h',0,0,0,1,0
1,7,1,7,'2h','8h',0,0,0,1,0
1,7,1,7,'2h','8h',0,0,0,1,0
1,8,1,8,'2h','9h',1,0,0,1,0
1,8,1,8,'2h','9h',1,0,0,1,0
1,9,1,9,'2h','Th',1,0,0,1,0
1,9,1,9,'2h','Th',1,0,0,1,0
1,10,1,10,'2h','Jh',1,0,0,1,0
1,10,1,10,'2h','Jh',1,0,0,1,0
1,11,1,11,'2h','Qh',1,1,0,1,0
1,11,1,11,'2h','Qh',1,1,0,1,0
1,12,1,12,'2h','Kh',1,1,0,1,0
1,12,1,12,'2h','Kh',1,1,0,1,0
1,13,1,0,'2h','Ad',1,1,1,0,0
1,13,1,0,'2h','Ad',1,1,1,0,0
1,14,1,1,'2h','2d',0,0,1,0,1
1,14,1,1,'2h','2d',0,0,1,0,1
1,15,1,2,'2h','3d',0,0,1,0,0
1,15,1,2,'2h','3d',0,0,1,0,0
1,16,1,3,'2h','4d',0,0,1,0,0
1,16,1,3,'2h','4d',0,0,1,0,0
1,17,1,4,'2h','5d',0,0,1,0,0
1,17,1,4,'2h','5d',0,0,1,0,0
1,18,1,5,'2h','6d',0,0,1,0,0
1,18,1,5,'2h','6d',0,0,1,0,0
1,19,1,6,'2h','7d',0,0,0,0,0
1,19,1,6,'2h','7d',0,0,0,0,0
1,20,1,7,'2h','8d',0,0,0,0,0
1,20,1,7,'2h','8d',0,0,0,0,0
1,21,1,8,'2h','9d',1,0,0,0,0
1,21,1,8,'2h','9d',1,0,0,0,0
1,22,1,9,'2h','Td',1,0,0,0,0
1,22,1,9,'2h','Td',1,0,0,0,0
1,23,1,10,'2h','Jd',1,0,0,0,0
1,23,1,10,'2h','Jd',1,0,0,0,0
1,24,1,11,'2h','Qd',1,1,0,0,0
1,24,1,11,'2h','Qd',1,1,0,0,0
1,25,1,12,'2h','Kd',1,1,0,0,0
1,25,1,12,'2h','Kd',1,1,0,0,0
1,26,1,0,'2h','As',1,1,1,0,0
1,26,1,0,'2h','As',1,1,1,0,0
1,27,1,1,'2h','2s',0,0,1,0,1
1,27,1,1,'2h','2s',0,0,1,0,1
1,28,1,2,'2h','3s',0,0,1,0,0
1,28,1,2,'2h','3s',0,0,1,0,0
1,29,1,3,'2h','4s',0,0,1,0,0
1,29,1,3,'2h','4s',0,0,1,0,0
1,30,1,4,'2h','5s',0,0,1,0,0
1,30,1,4,'2h','5s',0,0,1,0,0
1,31,1,5,'2h','6s',0,0,1,0,0
1,31,1,5,'2h','6s',0,0,1,0,0
1,32,1,6,'2h','7s',0,0,0,0,0
1,32,1,6,'2h','7s',0,0,0,0,0
1,33,1,7,'2h','8s',0,0,0,0,0
1,33,1,7,'2h','8s',0,0,0,0,0
1,34,1,8,'2h','9s',1,0,0,0,0
1,34,1,8,'2h','9s',1,0,0,0,0
1,35,1,9,'2h','Ts',1,0,0,0,0
1,35,1,9,'2h','Ts',1,0,0,0,0
1,36,1,10,'2h','Js',1,0,0,0,0
1,36,1,10,'2h','Js',1,0,0,0,0
1,37,1,11,'2h','Qs',1,1,0,0,0
1,37,1,11,'2h','Qs',1,1,0,0,0
1,38,1,12,'2h','Ks',1,1,0,0,0
1,38,1,12,'2h','Ks',1,1,0,0,0
1,39,1,0,'2h','Ac',1,1,1,0,0
1,39,1,0,'2h','Ac',1,1,1,0,0
1,40,1,1,'2h','2c',0,0,1,0,1
1,40,1,1,'2h','2c',0,0,1,0,1
1,41,1,2,'2h','3c',0,0,1,0,0
1,41,1,2,'2h','3c',0,0,1,0,0
1,42,1,3,'2h','4c',0,0,1,0,0
1,42,1,3,'2h','4c',0,0,1,0,0
1,43,1,4,'2h','5c',0,0,1,0,0
1,43,1,4,'2h','5c',0,0,1,0,0
1,44,1,5,'2h','6c',0,0,1,0,0
1,44,1,5,'2h','6c',0,0,1,0,0
1,45,1,6,'2h','7c',0,0,0,0,0
1,45,1,6,'2h','7c',0,0,0,0,0
1,46,1,7,'2h','8c',0,0,0,0,0
1,46,1,7,'2h','8c',0,0,0,0,0
1,47,1,8,'2h','9c',1,0,0,0,0
1,47,1,8,'2h','9c',1,0,0,0,0
1,48,1,9,'2h','Tc',1,0,0,0,0
1,48,1,9,'2h','Tc',1,0,0,0,0
1,49,1,10,'2h','Jc',1,0,0,0,0
1,49,1,10,'2h','Jc',1,0,0,0,0
1,50,1,11,'2h','Qc',1,1,0,0,0
1,50,1,11,'2h','Qc',1,1,0,0,0
1,51,1,12,'2h','Kc',1,1,0,0,0
1,51,1,12,'2h','Kc',1,1,0,0,0
2,3,2,3,'3h','4h',0,0,1,1,0
2,3,2,3,'3h','4h',0,0,1,1,0
2,4,2,4,'3h','5h',0,0,1,1,0
2,4,2,4,'3h','5h',0,0,1,1,0
2,5,2,5,'3h','6h',0,0,1,1,0
2,5,2,5,'3h','6h',0,0,1,1,0
2,6,2,6,'3h','7h',0,0,1,1,0
2,6,2,6,'3h','7h',0,0,1,1,0
2,7,2,7,'3h','8h',0,0,0,1,0
2,7,2,7,'3h','8h',0,0,0,1,0
2,8,2,8,'3h','9h',1,0,0,1,0
2,8,2,8,'3h','9h',1,0,0,1,0
2,9,2,9,'3h','Th',1,0,0,1,0
2,9,2,9,'3h','Th',1,0,0,1,0
2,10,2,10,'3h','Jh',1,0,0,1,0
2,10,2,10,'3h','Jh',1,0,0,1,0
2,11,2,11,'3h','Qh',1,1,0,1,0
2,11,2,11,'3h','Qh',1,1,0,1,0
2,12,2,12,'3h','Kh',1,1,0,1,0
2,12,2,12,'3h','Kh',1,1,0,1,0
2,13,2,0,'3h','Ad',1,1,1,0,0
2,13,2,0,'3h','Ad',1,1,1,0,0
2,14,2,1,'3h','2d',0,0,1,0,0
2,14,2,1,'3h','2d',0,0,1,0,0
2,15,2,2,'3h','3d',0,0,1,0,1
2,15,2,2,'3h','3d',0,0,1,0,1
2,16,2,3,'3h','4d',0,0,1,0,0
2,16,2,3,'3h','4d',0,0,1,0,0
2,17,2,4,'3h','5d',0,0,1,0,0
2,17,2,4,'3h','5d',0,0,1,0,0
2,18,2,5,'3h','6d',0,0,1,0,0
2,18,2,5,'3h','6d',0,0,1,0,0
2,19,2,6,'3h','7d',0,0,1,0,0
2,19,2,6,'3h','7d',0,0,1,0,0
2,20,2,7,'3h','8d',0,0,0,0,0
2,20,2,7,'3h','8d',0,0,0,0,0
2,21,2,8,'3h','9d',1,0,0,0,0
2,21,2,8,'3h','9d',1,0,0,0,0
2,22,2,9,'3h','Td',1,0,0,0,0
2,22,2,9,'3h','Td',1,0,0,0,0
2,23,2,10,'3h','Jd',1,0,0,0,0
2,23,2,10,'3h','Jd',1,0,0,0,0
2,24,2,11,'3h','Qd',1,1,0,0,0
2,24,2,11,'3h','Qd',1,1,0,0,0
2,25,2,12,'3h','Kd',1,1,0,0,0
2,25,2,12,'3h','Kd',1,1,0,0,0
2,26,2,0,'3h','As',1,1,1,0,0
2,26,2,0,'3h','As',1,1,1,0,0
2,27,2,1,'3h','2s',0,0,1,0,0
2,27,2,1,'3h','2s',0,0,1,0,0
2,28,2,2,'3h','3s',0,0,1,0,1
2,28,2,2,'3h','3s',0,0,1,0,1
2,29,2,3,'3h','4s',0,0,1,0,0
2,29,2,3,'3h','4s',0,0,1,0,0
2,30,2,4,'3h','5s',0,0,1,0,0
2,30,2,4,'3h','5s',0,0,1,0,0
2,31,2,5,'3h','6s',0,0,1,0,0
2,31,2,5,'3h','6s',0,0,1,0,0
2,32,2,6,'3h','7s',0,0,1,0,0
2,32,2,6,'3h','7s',0,0,1,0,0
2,33,2,7,'3h','8s',0,0,0,0,0
2,33,2,7,'3h','8s',0,0,0,0,0
2,34,2,8,'3h','9s',1,0,0,0,0
2,34,2,8,'3h','9s',1,0,0,0,0
2,35,2,9,'3h','Ts',1,0,0,0,0
2,35,2,9,'3h','Ts',1,0,0,0,0
2,36,2,10,'3h','Js',1,0,0,0,0
2,36,2,10,'3h','Js',1,0,0,0,0
2,37,2,11,'3h','Qs',1,1,0,0,0
2,37,2,11,'3h','Qs',1,1,0,0,0
2,38,2,12,'3h','Ks',1,1,0,0,0
2,38,2,12,'3h','Ks',1,1,0,0,0
2,39,2,0,'3h','Ac',1,1,1,0,0
2,39,2,0,'3h','Ac',1,1,1,0,0
2,40,2,1,'3h','2c',0,0,1,0,0
2,40,2,1,'3h','2c',0,0,1,0,0
2,41,2,2,'3h','3c',0,0,1,0,1
2,41,2,2,'3h','3c',0,0,1,0,1
2,42,2,3,'3h','4c',0,0,1,0,0
2,42,2,3,'3h','4c',0,0,1,0,0
2,43,2,4,'3h','5c',0,0,1,0,0
2,43,2,4,'3h','5c',0,0,1,0,0
2,44,2,5,'3h','6c',0,0,1,0,0
2,44,2,5,'3h','6c',0,0,1,0,0
2,45,2,6,'3h','7c',0,0,1,0,0
2,45,2,6,'3h','7c',0,0,1,0,0
2,46,2,7,'3h','8c',0,0,0,0,0
2,46,2,7,'3h','8c',0,0,0,0,0
2,47,2,8,'3h','9c',1,0,0,0,0
2,47,2,8,'3h','9c',1,0,0,0,0
2,48,2,9,'3h','Tc',1,0,0,0,0
2,48,2,9,'3h','Tc',1,0,0,0,0
2,49,2,10,'3h','Jc',1,0,0,0,0
2,49,2,10,'3h','Jc',1,0,0,0,0
2,50,2,11,'3h','Qc',1,1,0,0,0
2,50,2,11,'3h','Qc',1,1,0,0,0
2,51,2,12,'3h','Kc',1,1,0,0,0
2,51,2,12,'3h','Kc',1,1,0,0,0
3,4,3,4,'4h','5h',0,0,1,1,0
3,4,3,4,'4h','5h',0,0,1,1,0
3,5,3,5,'4h','6h',0,0,1,1,0
3,5,3,5,'4h','6h',0,0,1,1,0
3,6,3,6,'4h','7h',0,0,1,1,0
3,6,3,6,'4h','7h',0,0,1,1,0
3,7,3,7,'4h','8h',0,0,1,1,0
3,7,3,7,'4h','8h',0,0,1,1,0
3,8,3,8,'4h','9h',1,0,0,1,0
3,8,3,8,'4h','9h',1,0,0,1,0
3,9,3,9,'4h','Th',1,0,0,1,0
3,9,3,9,'4h','Th',1,0,0,1,0
3,10,3,10,'4h','Jh',1,0,0,1,0
3,10,3,10,'4h','Jh',1,0,0,1,0
3,11,3,11,'4h','Qh',1,1,0,1,0
3,11,3,11,'4h','Qh',1,1,0,1,0
3,12,3,12,'4h','Kh',1,1,0,1,0
3,12,3,12,'4h','Kh',1,1,0,1,0
3,13,3,0,'4h','Ad',1,1,1,0,0
3,13,3,0,'4h','Ad',1,1,1,0,0
3,14,3,1,'4h','2d',0,0,1,0,0
3,14,3,1,'4h','2d',0,0,1,0,0
3,15,3,2,'4h','3d',0,0,1,0,0
3,15,3,2,'4h','3d',0,0,1,0,0
3,16,3,3,'4h','4d',0,0,1,0,1
3,16,3,3,'4h','4d',0,0,1,0,1
3,17,3,4,'4h','5d',0,0,1,0,0
3,17,3,4,'4h','5d',0,0,1,0,0
3,18,3,5,'4h','6d',0,0,1,0,0
3,18,3,5,'4h','6d',0,0,1,0,0
3,19,3,6,'4h','7d',0,0,1,0,0
3,19,3,6,'4h','7d',0,0,1,0,0
3,20,3,7,'4h','8d',0,0,1,0,0
3,20,3,7,'4h','8d',0,0,1,0,0
3,21,3,8,'4h','9d',1,0,0,0,0
3,21,3,8,'4h','9d',1,0,0,0,0
3,22,3,9,'4h','Td',1,0,0,0,0
3,22,3,9,'4h','Td',1,0,0,0,0
3,23,3,10,'4h','Jd',1,0,0,0,0
3,23,3,10,'4h','Jd',1,0,0,0,0
3,24,3,11,'4h','Qd',1,1,0,0,0
3,24,3,11,'4h','Qd',1,1,0,0,0
3,25,3,12,'4h','Kd',1,1,0,0,0
3,25,3,12,'4h','Kd',1,1,0,0,0
3,26,3,0,'4h','As',1,1,1,0,0
3,26,3,0,'4h','As',1,1,1,0,0
3,27,3,1,'4h','2s',0,0,1,0,0
3,27,3,1,'4h','2s',0,0,1,0,0
3,28,3,2,'4h','3s',0,0,1,0,0
3,28,3,2,'4h','3s',0,0,1,0,0
3,29,3,3,'4h','4s',0,0,1,0,1
3,29,3,3,'4h','4s',0,0,1,0,1
3,30,3,4,'4h','5s',0,0,1,0,0
3,30,3,4,'4h','5s',0,0,1,0,0
3,31,3,5,'4h','6s',0,0,1,0,0
3,31,3,5,'4h','6s',0,0,1,0,0
3,32,3,6,'4h','7s',0,0,1,0,0
3,32,3,6,'4h','7s',0,0,1,0,0
3,33,3,7,'4h','8s',0,0,1,0,0
3,33,3,7,'4h','8s',0,0,1,0,0
3,34,3,8,'4h','9s',1,0,0,0,0
3,34,3,8,'4h','9s',1,0,0,0,0
3,35,3,9,'4h','Ts',1,0,0,0,0
3,35,3,9,'4h','Ts',1,0,0,0,0
3,36,3,10,'4h','Js',1,0,0,0,0
3,36,3,10,'4h','Js',1,0,0,0,0
3,37,3,11,'4h','Qs',1,1,0,0,0
3,37,3,11,'4h','Qs',1,1,0,0,0
3,38,3,12,'4h','Ks',1,1,0,0,0
3,38,3,12,'4h','Ks',1,1,0,0,0
3,39,3,0,'4h','Ac',1,1,1,0,0
3,39,3,0,'4h','Ac',1,1,1,0,0
3,40,3,1,'4h','2c',0,0,1,0,0
3,40,3,1,'4h','2c',0,0,1,0,0
3,41,3,2,'4h','3c',0,0,1,0,0
3,41,3,2,'4h','3c',0,0,1,0,0
3,42,3,3,'4h','4c',0,0,1,0,1
3,42,3,3,'4h','4c',0,0,1,0,1
3,43,3,4,'4h','5c',0,0,1,0,0
3,43,3,4,'4h','5c',0,0,1,0,0
3,44,3,5,'4h','6c',0,0,1,0,0
3,44,3,5,'4h','6c',0,0,1,0,0
3,45,3,6,'4h','7c',0,0,1,0,0
3,45,3,6,'4h','7c',0,0,1,0,0
3,46,3,7,'4h','8c',0,0,1,0,0
3,46,3,7,'4h','8c',0,0,1,0,0
3,47,3,8,'4h','9c',1,0,0,0,0
3,47,3,8,'4h','9c',1,0,0,0,0
3,48,3,9,'4h','Tc',1,0,0,0,0
3,48,3,9,'4h','Tc',1,0,0,0,0
3,49,3,10,'4h','Jc',1,0,0,0,0
3,49,3,10,'4h','Jc',1,0,0,0,0
3,50,3,11,'4h','Qc',1,1,0,0,0
3,50,3,11,'4h','Qc',1,1,0,0,0
3,51,3,12,'4h','Kc',1,1,0,0,0
3,51,3,12,'4h','Kc',1,1,0,0,0
4,5,4,5,'5h','6h',0,0,1,1,0
4,5,4,5,'5h','6h',0,0,1,1,0
4,6,4,6,'5h','7h',0,0,1,1,0
4,6,4,6,'5h','7h',0,0,1,1,0
4,7,4,7,'5h','8h',0,0,1,1,0
4,7,4,7,'5h','8h',0,0,1,1,0
4,8,4,8,'5h','9h',1,0,1,1,0
4,8,4,8,'5h','9h',1,0,1,1,0
4,9,4,9,'5h','Th',1,0,0,1,0
4,9,4,9,'5h','Th',1,0,0,1,0
4,10,4,10,'5h','Jh',1,0,0,1,0
4,10,4,10,'5h','Jh',1,0,0,1,0
4,11,4,11,'5h','Qh',1,1,0,1,0
4,11,4,11,'5h','Qh',1,1,0,1,0
4,12,4,12,'5h','Kh',1,1,0,1,0
4,12,4,12,'5h','Kh',1,1,0,1,0
4,13,4,0,'5h','Ad',1,1,1,0,0
4,13,4,0,'5h','Ad',1,1,1,0,0
4,14,4,1,'5h','2d',0,0,1,0,0
4,14,4,1,'5h','2d',0,0,1,0,0
4,15,4,2,'5h','3d',0,0,1,0,0
4,15,4,2,'5h','3d',0,0,1,0,0
4,16,4,3,'5h','4d',0,0,1,0,0
4,16,4,3,'5h','4d',0,0,1,0,0
4,17,4,4,'5h','5d',0,0,1,0,1
4,17,4,4,'5h','5d',0,0,1,0,1
4,18,4,5,'5h','6d',0,0,1,0,0
4,18,4,5,'5h','6d',0,0,1,0,0
4,19,4,6,'5h','7d',0,0,1,0,0
4,19,4,6,'5h','7d',0,0,1,0,0
4,20,4,7,'5h','8d',0,0,1,0,0
4,20,4,7,'5h','8d',0,0,1,0,0
4,21,4,8,'5h','9d',1,0,1,0,0
4,21,4,8,'5h','9d',1,0,1,0,0
4,22,4,9,'5h','Td',1,0,0,0,0
4,22,4,9,'5h','Td',1,0,0,0,0
4,23,4,10,'5h','Jd',1,0,0,0,0
4,23,4,10,'5h','Jd',1,0,0,0,0
4,24,4,11,'5h','Qd',1,1,0,0,0
4,24,4,11,'5h','Qd',1,1,0,0,0
4,25,4,12,'5h','Kd',1,1,0,0,0
4,25,4,12,'5h','Kd',1,1,0,0,0
4,26,4,0,'5h','As',1,1,1,0,0
4,26,4,0,'5h','As',1,1,1,0,0
4,27,4,1,'5h','2s',0,0,1,0,0
4,27,4,1,'5h','2s',0,0,1,0,0
4,28,4,2,'5h','3s',0,0,1,0,0
4,28,4,2,'5h','3s',0,0,1,0,0
4,29,4,3,'5h','4s',0,0,1,0,0
4,29,4,3,'5h','4s',0,0,1,0,0
4,30,4,4,'5h','5s',0,0,1,0,1
4,30,4,4,'5h','5s',0,0,1,0,1
4,31,4,5,'5h','6s',0,0,1,0,0
4,31,4,5,'5h','6s',0,0,1,0,0
4,32,4,6,'5h','7s',0,0,1,0,0
4,32,4,6,'5h','7s',0,0,1,0,0
4,33,4,7,'5h','8s',0,0,1,0,0
4,33,4,7,'5h','8s',0,0,1,0,0
4,34,4,8,'5h','9s',1,0,1,0,0
4,34,4,8,'5h','9s',1,0,1,0,0
4,35,4,9,'5h','Ts',1,0,0,0,0
4,35,4,9,'5h','Ts',1,0,0,0,0
4,36,4,10,'5h','Js',1,0,0,0,0
4,36,4,10,'5h','Js',1,0,0,0,0
4,37,4,11,'5h','Qs',1,1,0,0,0
4,37,4,11,'5h','Qs',1,1,0,0,0
4,38,4,12,'5h','Ks',1,1,0,0,0
4,38,4,12,'5h','Ks',1,1,0,0,0
4,39,4,0,'5h','Ac',1,1,1,0,0
4,39,4,0,'5h','Ac',1,1,1,0,0
4,40,4,1,'5h','2c',0,0,1,0,0
4,40,4,1,'5h','2c',0,0,1,0,0
4,41,4,2,'5h','3c',0,0,1,0,0
4,41,4,2,'5h','3c',0,0,1,0,0
4,42,4,3,'5h','4c',0,0,1,0,0
4,42,4,3,'5h','4c',0,0,1,0,0
4,43,4,4,'5h','5c',0,0,1,0,1
4,43,4,4,'5h','5c',0,0,1,0,1
4,44,4,5,'5h','6c',0,0,1,0,0
4,44,4,5,'5h','6c',0,0,1,0,0
4,45,4,6,'5h','7c',0,0,1,0,0
4,45,4,6,'5h','7c',0,0,1,0,0
4,46,4,7,'5h','8c',0,0,1,0,0
4,46,4,7,'5h','8c',0,0,1,0,0
4,47,4,8,'5h','9c',1,0,1,0,0
4,47,4,8,'5h','9c',1,0,1,0,0
4,48,4,9,'5h','Tc',1,0,0,0,0
4,48,4,9,'5h','Tc',1,0,0,0,0
4,49,4,10,'5h','Jc',1,0,0,0,0
4,49,4,10,'5h','Jc',1,0,0,0,0
4,50,4,11,'5h','Qc',1,1,0,0,0
4,50,4,11,'5h','Qc',1,1,0,0,0
4,51,4,12,'5h','Kc',1,1,0,0,0
4,51,4,12,'5h','Kc',1,1,0,0,0
5,6,5,6,'6h','7h',0,0,1,1,0
5,6,5,6,'6h','7h',0,0,1,1,0
5,7,5,7,'6h','8h',0,0,1,1,0
5,7,5,7,'6h','8h',0,0,1,1,0
5,8,5,8,'6h','9h',1,0,1,1,0
5,8,5,8,'6h','9h',1,0,1,1,0
5,9,5,9,'6h','Th',1,0,1,1,0
5,9,5,9,'6h','Th',1,0,1,1,0
5,10,5,10,'6h','Jh',1,0,0,1,0
5,10,5,10,'6h','Jh',1,0,0,1,0
5,11,5,11,'6h','Qh',1,1,0,1,0
5,11,5,11,'6h','Qh',1,1,0,1,0
5,12,5,12,'6h','Kh',1,1,0,1,0
5,12,5,12,'6h','Kh',1,1,0,1,0
5,13,5,0,'6h','Ad',1,1,0,0,0
5,13,5,0,'6h','Ad',1,1,0,0,0
5,14,5,1,'6h','2d',0,0,1,0,0
5,14,5,1,'6h','2d',0,0,1,0,0
5,15,5,2,'6h','3d',0,0,1,0,0
5,15,5,2,'6h','3d',0,0,1,0,0
5,16,5,3,'6h','4d',0,0,1,0,0
5,16,5,3,'6h','4d',0,0,1,0,0
5,17,5,4,'6h','5d',0,0,1,0,0
5,17,5,4,'6h','5d',0,0,1,0,0
5,18,5,5,'6h','6d',0,0,1,0,1
5,18,5,5,'6h','6d',0,0,1,0,1
5,19,5,6,'6h','7d',0,0,1,0,0
5,19,5,6,'6h','7d',0,0,1,0,0
5,20,5,7,'6h','8d',0,0,1,0,0
5,20,5,7,'6h','8d',0,0,1,0,0
5,21,5,8,'6h','9d',1,0,1,0,0
5,21,5,8,'6h','9d',1,0,1,0,0
5,22,5,9,'6h','Td',1,0,1,0,0
5,22,5,9,'6h','Td',1,0,1,0,0
5,23,5,10,'6h','Jd',1,0,0,0,0
5,23,5,10,'6h','Jd',1,0,0,0,0
5,24,5,11,'6h','Qd',1,1,0,0,0
5,24,5,11,'6h','Qd',1,1,0,0,0
5,25,5,12,'6h','Kd',1,1,0,0,0
5,25,5,12,'6h','Kd',1,1,0,0,0
5,26,5,0,'6h','As',1,1,0,0,0
5,26,5,0,'6h','As',1,1,0,0,0
5,27,5,1,'6h','2s',0,0,1,0,0
5,27,5,1,'6h','2s',0,0,1,0,0
5,28,5,2,'6h','3s',0,0,1,0,0
5,28,5,2,'6h','3s',0,0,1,0,0
5,29,5,3,'6h','4s',0,0,1,0,0
5,29,5,3,'6h','4s',0,0,1,0,0
5,30,5,4,'6h','5s',0,0,1,0,0
5,30,5,4,'6h','5s',0,0,1,0,0
5,31,5,5,'6h','6s',0,0,1,0,1
5,31,5,5,'6h','6s',0,0,1,0,1
5,32,5,6,'6h','7s',0,0,1,0,0
5,32,5,6,'6h','7s',0,0,1,0,0
5,33,5,7,'6h','8s',0,0,1,0,0
5,33,5,7,'6h','8s',0,0,1,0,0
5,34,5,8,'6h','9s',1,0,1,0,0
5,34,5,8,'6h','9s',1,0,1,0,0
5,35,5,9,'6h','Ts',1,0,1,0,0
5,35,5,9,'6h','Ts',1,0,1,0,0
5,36,5,10,'6h','Js',1,0,0,0,0
5,36,5,10,'6h','Js',1,0,0,0,0
5,37,5,11,'6h','Qs',1,1,0,0,0
5,37,5,11,'6h','Qs',1,1,0,0,0
5,38,5,12,'6h','Ks',1,1,0,0,0
5,38,5,12,'6h','Ks',1,1,0,0,0
5,39,5,0,'6h','Ac',1,1,0,0,0
5,39,5,0,'6h','Ac',1,1,0,0,0
5,40,5,1,'6h','2c',0,0,1,0,0
5,40,5,1,'6h','2c',0,0,1,0,0
5,41,5,2,'6h','3c',0,0,1,0,0
5,41,5,2,'6h','3c',0,0,1,0,0
5,42,5,3,'6h','4c',0,0,1,0,0
5,42,5,3,'6h','4c',0,0,1,0,0
5,43,5,4,'6h','5c',0,0,1,0,0
5,43,5,4,'6h','5c',0,0,1,0,0
5,44,5,5,'6h','6c',0,0,1,0,1
5,44,5,5,'6h','6c',0,0,1,0,1
5,45,5,6,'6h','7c',0,0,1,0,0
5,45,5,6,'6h','7c',0,0,1,0,0
5,46,5,7,'6h','8c',0,0,1,0,0
5,46,5,7,'6h','8c',0,0,1,0,0
5,47,5,8,'6h','9c',1,0,1,0,0
5,47,5,8,'6h','9c',1,0,1,0,0
5,48,5,9,'6h','Tc',1,0,1,0,0
5,48,5,9,'6h','Tc',1,0,1,0,0
5,49,5,10,'6h','Jc',1,0,0,0,0
5,49,5,10,'6h','Jc',1,0,0,0,0
5,50,5,11,'6h','Qc',1,1,0,0,0
5,50,5,11,'6h','Qc',1,1,0,0,0
5,51,5,12,'6h','Kc',1,1,0,0,0
5,51,5,12,'6h','Kc',1,1,0,0,0
6,7,6,7,'7h','8h',0,0,1,1,0
6,7,6,7,'7h','8h',0,0,1,1,0
6,8,6,8,'7h','9h',1,0,1,1,0
6,8,6,8,'7h','9h',1,0,1,1,0
6,9,6,9,'7h','Th',1,0,1,1,0
6,9,6,9,'7h','Th',1,0,1,1,0
6,10,6,10,'7h','Jh',1,0,1,1,0
6,10,6,10,'7h','Jh',1,0,1,1,0
6,11,6,11,'7h','Qh',1,1,0,1,0
6,11,6,11,'7h','Qh',1,1,0,1,0
6,12,6,12,'7h','Kh',1,1,0,1,0
6,12,6,12,'7h','Kh',1,1,0,1,0
6,13,6,0,'7h','Ad',1,1,0,0,0
6,13,6,0,'7h','Ad',1,1,0,0,0
6,14,6,1,'7h','2d',0,0,0,0,0
6,14,6,1,'7h','2d',0,0,0,0,0
6,15,6,2,'7h','3d',0,0,1,0,0
6,15,6,2,'7h','3d',0,0,1,0,0
6,16,6,3,'7h','4d',0,0,1,0,0
6,16,6,3,'7h','4d',0,0,1,0,0
6,17,6,4,'7h','5d',0,0,1,0,0
6,17,6,4,'7h','5d',0,0,1,0,0
6,18,6,5,'7h','6d',0,0,1,0,0
6,18,6,5,'7h','6d',0,0,1,0,0
6,19,6,6,'7h','7d',0,0,1,0,1
6,19,6,6,'7h','7d',0,0,1,0,1
6,20,6,7,'7h','8d',0,0,1,0,0
6,20,6,7,'7h','8d',0,0,1,0,0
6,21,6,8,'7h','9d',1,0,1,0,0
6,21,6,8,'7h','9d',1,0,1,0,0
6,22,6,9,'7h','Td',1,0,1,0,0
6,22,6,9,'7h','Td',1,0,1,0,0
6,23,6,10,'7h','Jd',1,0,1,0,0
6,23,6,10,'7h','Jd',1,0,1,0,0
6,24,6,11,'7h','Qd',1,1,0,0,0
6,24,6,11,'7h','Qd',1,1,0,0,0
6,25,6,12,'7h','Kd',1,1,0,0,0
6,25,6,12,'7h','Kd',1,1,0,0,0
6,26,6,0,'7h','As',1,1,0,0,0
6,26,6,0,'7h','As',1,1,0,0,0
6,27,6,1,'7h','2s',0,0,0,0,0
6,27,6,1,'7h','2s',0,0,0,0,0
6,28,6,2,'7h','3s',0,0,1,0,0
6,28,6,2,'7h','3s',0,0,1,0,0
6,29,6,3,'7h','4s',0,0,1,0,0
6,29,6,3,'7h','4s',0,0,1,0,0
6,30,6,4,'7h','5s',0,0,1,0,0
6,30,6,4,'7h','5s',0,0,1,0,0
6,31,6,5,'7h','6s',0,0,1,0,0
6,31,6,5,'7h','6s',0,0,1,0,0
6,32,6,6,'7h','7s',0,0,1,0,1
6,32,6,6,'7h','7s',0,0,1,0,1
6,33,6,7,'7h','8s',0,0,1,0,0
6,33,6,7,'7h','8s',0,0,1,0,0
6,34,6,8,'7h','9s',1,0,1,0,0
6,34,6,8,'7h','9s',1,0,1,0,0
6,35,6,9,'7h','Ts',1,0,1,0,0
6,35,6,9,'7h','Ts',1,0,1,0,0
6,36,6,10,'7h','Js',1,0,1,0,0
6,36,6,10,'7h','Js',1,0,1,0,0
6,37,6,11,'7h','Qs',1,1,0,0,0
6,37,6,11,'7h','Qs',1,1,0,0,0
6,38,6,12,'7h','Ks',1,1,0,0,0
6,38,6,12,'7h','Ks',1,1,0,0,0
6,39,6,0,'7h','Ac',1,1,0,0,0
6,39,6,0,'7h','Ac',1,1,0,0,0
6,40,6,1,'7h','2c',0,0,0,0,0
6,40,6,1,'7h','2c',0,0,0,0,0
6,41,6,2,'7h','3c',0,0,1,0,0
6,41,6,2,'7h','3c',0,0,1,0,0
6,42,6,3,'7h','4c',0,0,1,0,0
6,42,6,3,'7h','4c',0,0,1,0,0
6,43,6,4,'7h','5c',0,0,1,0,0
6,43,6,4,'7h','5c',0,0,1,0,0
6,44,6,5,'7h','6c',0,0,1,0,0
6,44,6,5,'7h','6c',0,0,1,0,0
6,45,6,6,'7h','7c',0,0,1,0,1
6,45,6,6,'7h','7c',0,0,1,0,1
6,46,6,7,'7h','8c',0,0,1,0,0
6,46,6,7,'7h','8c',0,0,1,0,0
6,47,6,8,'7h','9c',1,0,1,0,0
6,47,6,8,'7h','9c',1,0,1,0,0
6,48,6,9,'7h','Tc',1,0,1,0,0
6,48,6,9,'7h','Tc',1,0,1,0,0
6,49,6,10,'7h','Jc',1,0,1,0,0
6,49,6,10,'7h','Jc',1,0,1,0,0
6,50,6,11,'7h','Qc',1,1,0,0,0
6,50,6,11,'7h','Qc',1,1,0,0,0
6,51,6,12,'7h','Kc',1,1,0,0,0
6,51,6,12,'7h','Kc',1,1,0,0,0
7,8,7,8,'8h','9h',1,0,1,1,0
7,8,7,8,'8h','9h',1,0,1,1,0
7,9,7,9,'8h','Th',1,0,1,1,0
7,9,7,9,'8h','Th',1,0,1,1,0
7,10,7,10,'8h','Jh',1,0,1,1,0
7,10,7,10,'8h','Jh',1,0,1,1,0
7,11,7,11,'8h','Qh',1,1,1,1,0
7,11,7,11,'8h','Qh',1,1,1,1,0
7,12,7,12,'8h','Kh',1,1,0,1,0
7,12,7,12,'8h','Kh',1,1,0,1,0
7,13,7,0,'8h','Ad',1,1,0,0,0
7,13,7,0,'8h','Ad',1,1,0,0,0
7,14,7,1,'8h','2d',0,0,0,0,0
7,14,7,1,'8h','2d',0,0,0,0,0
7,15,7,2,'8h','3d',0,0,0,0,0
7,15,7,2,'8h','3d',0,0,0,0,0
7,16,7,3,'8h','4d',0,0,1,0,0
7,16,7,3,'8h','4d',0,0,1,0,0
7,17,7,4,'8h','5d',0,0,1,0,0
7,17,7,4,'8h','5d',0,0,1,0,0
7,18,7,5,'8h','6d',0,0,1,0,0
7,18,7,5,'8h','6d',0,0,1,0,0
7,19,7,6,'8h','7d',0,0,1,0,0
7,19,7,6,'8h','7d',0,0,1,0,0
7,20,7,7,'8h','8d',0,0,1,0,1
7,20,7,7,'8h','8d',0,0,1,0,1
7,21,7,8,'8h','9d',1,0,1,0,0
7,21,7,8,'8h','9d',1,0,1,0,0
7,22,7,9,'8h','Td',1,0,1,0,0
7,22,7,9,'8h','Td',1,0,1,0,0
7,23,7,10,'8h','Jd',1,0,1,0,0
7,23,7,10,'8h','Jd',1,0,1,0,0
7,24,7,11,'8h','Qd',1,1,1,0,0
7,24,7,11,'8h','Qd',1,1,1,0,0
7,25,7,12,'8h','Kd',1,1,0,0,0
7,25,7,12,'8h','Kd',1,1,0,0,0
7,26,7,0,'8h','As',1,1,0,0,0
7,26,7,0,'8h','As',1,1,0,0,0
7,27,7,1,'8h','2s',0,0,0,0,0
7,27,7,1,'8h','2s',0,0,0,0,0
7,28,7,2,'8h','3s',0,0,0,0,0
7,28,7,2,'8h','3s',0,0,0,0,0
7,29,7,3,'8h','4s',0,0,1,0,0
7,29,7,3,'8h','4s',0,0,1,0,0
7,30,7,4,'8h','5s',0,0,1,0,0
7,30,7,4,'8h','5s',0,0,1,0,0
7,31,7,5,'8h','6s',0,0,1,0,0
7,31,7,5,'8h','6s',0,0,1,0,0
7,32,7,6,'8h','7s',0,0,1,0,0
7,32,7,6,'8h','7s',0,0,1,0,0
7,33,7,7,'8h','8s',0,0,1,0,1
7,33,7,7,'8h','8s',0,0,1,0,1
7,34,7,8,'8h','9s',1,0,1,0,0
7,34,7,8,'8h','9s',1,0,1,0,0
7,35,7,9,'8h','Ts',1,0,1,0,0
7,35,7,9,'8h','Ts',1,0,1,0,0
7,36,7,10,'8h','Js',1,0,1,0,0
7,36,7,10,'8h','Js',1,0,1,0,0
7,37,7,11,'8h','Qs',1,1,1,0,0
7,37,7,11,'8h','Qs',1,1,1,0,0
7,38,7,12,'8h','Ks',1,1,0,0,0
7,38,7,12,'8h','Ks',1,1,0,0,0
7,39,7,0,'8h','Ac',1,1,0,0,0
7,39,7,0,'8h','Ac',1,1,0,0,0
7,40,7,1,'8h','2c',0,0,0,0,0
7,40,7,1,'8h','2c',0,0,0,0,0
7,41,7,2,'8h','3c',0,0,0,0,0
7,41,7,2,'8h','3c',0,0,0,0,0
7,42,7,3,'8h','4c',0,0,1,0,0
7,42,7,3,'8h','4c',0,0,1,0,0
7,43,7,4,'8h','5c',0,0,1,0,0
7,43,7,4,'8h','5c',0,0,1,0,0
7,44,7,5,'8h','6c',0,0,1,0,0
7,44,7,5,'8h','6c',0,0,1,0,0
7,45,7,6,'8h','7c',0,0,1,0,0
7,45,7,6,'8h','7c',0,0,1,0,0
7,46,7,7,'8h','8c',0,0,1,0,1
7,46,7,7,'8h','8c',0,0,1,0,1
7,47,7,8,'8h','9c',1,0,1,0,0
7,47,7,8,'8h','9c',1,0,1,0,0
7,48,7,9,'8h','Tc',1,0,1,0,0
7,48,7,9,'8h','Tc',1,0,1,0,0
7,49,7,10,'8h','Jc',1,0,1,0,0
7,49,7,10,'8h','Jc',1,0,1,0,0
7,50,7,11,'8h','Qc',1,1,1,0,0
7,50,7,11,'8h','Qc',1,1,1,0,0
7,51,7,12,'8h','Kc',1,1,0,0,0
7,51,7,12,'8h','Kc',1,1,0,0,0
8,9,8,9,'9h','Th',2,0,1,1,0
8,9,8,9,'9h','Th',2,0,1,1,0
8,10,8,10,'9h','Jh',2,0,1,1,0
8,10,8,10,'9h','Jh',2,0,1,1,0
8,11,8,11,'9h','Qh',2,1,1,1,0
8,11,8,11,'9h','Qh',2,1,1,1,0
8,12,8,12,'9h','Kh',2,1,1,1,0
8,12,8,12,'9h','Kh',2,1,1,1,0
8,13,8,0,'9h','Ad',2,1,0,0,0
8,13,8,0,'9h','Ad',2,1,0,0,0
8,14,8,1,'9h','2d',1,0,0,0,0
8,14,8,1,'9h','2d',1,0,0,0,0
8,15,8,2,'9h','3d',1,0,0,0,0
8,15,8,2,'9h','3d',1,0,0,0,0
8,16,8,3,'9h','4d',1,0,0,0,0
8,16,8,3,'9h','4d',1,0,0,0,0
8,17,8,4,'9h','5d',1,0,1,0,0
8,17,8,4,'9h','5d',1,0,1,0,0
8,18,8,5,'9h','6d',1,0,1,0,0
8,18,8,5,'9h','6d',1,0,1,0,0
8,19,8,6,'9h','7d',1,0,1,0,0
8,19,8,6,'9h','7d',1,0,1,0,0
8,20,8,7,'9h','8d',1,0,1,0,0
8,20,8,7,'9h','8d',1,0,1,0,0
8,21,8,8,'9h','9d',2,0,1,0,1
8,21,8,8,'9h','9d',2,0,1,0,1
8,22,8,9,'9h','Td',2,0,1,0,0
8,22,8,9,'9h','Td',2,0,1,0,0
8,23,8,10,'9h','Jd',2,0,1,0,0
8,23,8,10,'9h','Jd',2,0,1,0,0
8,24,8,11,'9h','Qd',2,1,1,0,0
8,24,8,11,'9h','Qd',2,1,1,0,0
8,25,8,12,'9h','Kd',2,1,1,0,0
8,25,8,12,'9h','Kd',2,1,1,0,0
8,26,8,0,'9h','As',2,1,0,0,0
8,26,8,0,'9h','As',2,1,0,0,0
8,27,8,1,'9h','2s',1,0,0,0,0
8,27,8,1,'9h','2s',1,0,0,0,0
8,28,8,2,'9h','3s',1,0,0,0,0
8,28,8,2,'9h','3s',1,0,0,0,0
8,29,8,3,'9h','4s',1,0,0,0,0
8,29,8,3,'9h','4s',1,0,0,0,0
8,30,8,4,'9h','5s',1,0,1,0,0
8,30,8,4,'9h','5s',1,0,1,0,0
8,31,8,5,'9h','6s',1,0,1,0,0
8,31,8,5,'9h','6s',1,0,1,0,0
8,32,8,6,'9h','7s',1,0,1,0,0
8,32,8,6,'9h','7s',1,0,1,0,0
8,33,8,7,'9h','8s',1,0,1,0,0
8,33,8,7,'9h','8s',1,0,1,0,0
8,34,8,8,'9h','9s',2,0,1,0,1
8,34,8,8,'9h','9s',2,0,1,0,1
8,35,8,9,'9h','Ts',2,0,1,0,0
8,35,8,9,'9h','Ts',2,0,1,0,0
8,36,8,10,'9h','Js',2,0,1,0,0
8,36,8,10,'9h','Js',2,0,1,0,0
8,37,8,11,'9h','Qs',2,1,1,0,0
8,37,8,11,'9h','Qs',2,1,1,0,0
8,38,8,12,'9h','Ks',2,1,1,0,0
8,38,8,12,'9h','Ks',2,1,1,0,0
8,39,8,0,'9h','Ac',2,1,0,0,0
8,39,8,0,'9h','Ac',2,1,0,0,0
8,40,8,1,'9h','2c',1,0,0,0,0
8,40,8,1,'9h','2c',1,0,0,0,0
8,41,8,2,'9h','3c',1,0,0,0,0
8,41,8,2,'9h','3c',1,0,0,0,0
8,42,8,3,'9h','4c',1,0,0,0,0
8,42,8,3,'9h','4c',1,0,0,0,0
8,43,8,4,'9h','5c',1,0,1,0,0
8,43,8,4,'9h','5c',1,0,1,0,0
8,44,8,5,'9h','6c',1,0,1,0,0
8,44,8,5,'9h','6c',1,0,1,0,0
8,45,8,6,'9h','7c',1,0,1,0,0
8,45,8,6,'9h','7c',1,0,1,0,0
8,46,8,7,'9h','8c',1,0,1,0,0
8,46,8,7,'9h','8c',1,0,1,0,0
8,47,8,8,'9h','9c',2,0,1,0,1
8,47,8,8,'9h','9c',2,0,1,0,1
8,48,8,9,'9h','Tc',2,0,1,0,0
8,48,8,9,'9h','Tc',2,0,1,0,0
8,49,8,10,'9h','Jc',2,0,1,0,0
8,49,8,10,'9h','Jc',2,0,1,0,0
8,50,8,11,'9h','Qc',2,1,1,0,0
8,50,8,11,'9h','Qc',2,1,1,0,0
8,51,8,12,'9h','Kc',2,1,1,0,0
8,51,8,12,'9h','Kc',2,1,1,0,0
9,10,9,10,'Th','Jh',2,0,1,1,0
9,10,9,10,'Th','Jh',2,0,1,1,0
9,11,9,11,'Th','Qh',2,1,1,1,0
9,11,9,11,'Th','Qh',2,1,1,1,0
9,12,9,12,'Th','Kh',2,1,1,1,0
9,12,9,12,'Th','Kh',2,1,1,1,0
9,13,9,0,'Th','Ad',2,1,1,0,0
9,13,9,0,'Th','Ad',2,1,1,0,0
9,14,9,1,'Th','2d',1,0,0,0,0
9,14,9,1,'Th','2d',1,0,0,0,0
9,15,9,2,'Th','3d',1,0,0,0,0
9,15,9,2,'Th','3d',1,0,0,0,0
9,16,9,3,'Th','4d',1,0,0,0,0
9,16,9,3,'Th','4d',1,0,0,0,0
9,17,9,4,'Th','5d',1,0,0,0,0
9,17,9,4,'Th','5d',1,0,0,0,0
9,18,9,5,'Th','6d',1,0,1,0,0
9,18,9,5,'Th','6d',1,0,1,0,0
9,19,9,6,'Th','7d',1,0,1,0,0
9,19,9,6,'Th','7d',1,0,1,0,0
9,20,9,7,'Th','8d',1,0,1,0,0
9,20,9,7,'Th','8d',1,0,1,0,0
9,21,9,8,'Th','9d',2,0,1,0,0
9,21,9,8,'Th','9d',2,0,1,0,0
9,22,9,9,'Th','Td',2,0,1,0,1
9,22,9,9,'Th','Td',2,0,1,0,1
9,23,9,10,'Th','Jd',2,0,1,0,0
9,23,9,10,'Th','Jd',2,0,1,0,0
9,24,9,11,'Th','Qd',2,1,1,0,0
9,24,9,11,'Th','Qd',2,1,1,0,0
9,25,9,12,'Th','Kd',2,1,1,0,0
9,25,9,12,'Th','Kd',2,1,1,0,0
9,26,9,0,'Th','As',2,1,1,0,0
9,26,9,0,'Th','As',2,1,1,0,0
9,27,9,1,'Th','2s',1,0,0,0,0
9,27,9,1,'Th','2s',1,0,0,0,0
9,28,9,2,'Th','3s',1,0,0,0,0
9,28,9,2,'Th','3s',1,0,0,0,0
9,29,9,3,'Th','4s',1,0,0,0,0
9,29,9,3,'Th','4s',1,0,0,0,0
9,30,9,4,'Th','5s',1,0,0,0,0
9,30,9,4,'Th','5s',1,0,0,0,0
9,31,9,5,'Th','6s',1,0,1,0,0
9,31,9,5,'Th','6s',1,0,1,0,0
9,32,9,6,'Th','7s',1,0,1,0,0
9,32,9,6,'Th','7s',1,0,1,0,0
9,33,9,7,'Th','8s',1,0,1,0,0
9,33,9,7,'Th','8s',1,0,1,0,0
9,34,9,8,'Th','9s',2,0,1,0,0
9,34,9,8,'Th','9s',2,0,1,0,0
9,35,9,9,'Th','Ts',2,0,1,0,1
9,35,9,9,'Th','Ts',2,0,1,0,1
9,36,9,10,'Th','Js',2,0,1,0,0
9,36,9,10,'Th','Js',2,0,1,0,0
9,37,9,11,'Th','Qs',2,1,1,0,0
9,37,9,11,'Th','Qs',2,1,1,0,0
9,38,9,12,'Th','Ks',2,1,1,0,0
9,38,9,12,'Th','Ks',2,1,1,0,0
9,39,9,0,'Th','Ac',2,1,1,0,0
9,39,9,0,'Th','Ac',2,1,1,0,0
9,40,9,1,'Th','2c',1,0,0,0,0
9,40,9,1,'Th','2c',1,0,0,0,0
9,41,9,2,'Th','3c',1,0,0,0,0
9,41,9,2,'Th','3c',1,0,0,0,0
9,42,9,3,'Th','4c',1,0,0,0,0
9,42,9,3,'Th','4c',1,0,0,0,0
9,43,9,4,'Th','5c',1,0,0,0,0
9,43,9,4,'Th','5c',1,0,0,0,0
9,44,9,5,'Th','6c',1,0,1,0,0
9,44,9,5,'Th','6c',1,0,1,0,0
9,45,9,6,'Th','7c',1,0,1,0,0
9,45,9,6,'Th','7c',1,0,1,0,0
9,46,9,7,'Th','8c',1,0,1,0,0
9,46,9,7,'Th','8c',1,0,1,0,0
9,47,9,8,'Th','9c',2,0,1,0,0
9,47,9,8,'Th','9c',2,0,1,0,0
9,48,9,9,'Th','Tc',2,0,1,0,1
9,48,9,9,'Th','Tc',2,0,1,0,1
9,49,9,10,'Th','Jc',2,0,1,0,0
9,49,9,10,'Th','Jc',2,0,1,0,0
9,50,9,11,'Th','Qc',2,1,1,0,0
9,50,9,11,'Th','Qc',2,1,1,0,0
9,51,9,12,'Th','Kc',2,1,1,0,0
9,51,9,12,'Th','Kc',2,1,1,0,0
10,11,10,11,'Jh','Qh',2,1,1,1,0
10,11,10,11,'Jh','Qh',2,1,1,1,0
10,12,10,12,'Jh','Kh',2,1,1,1,0
10,12,10,12,'Jh','Kh',2,1,1,1,0
10,13,10,0,'Jh','Ad',2,1,1,0,0
10,13,10,0,'Jh','Ad',2,1,1,0,0
10,14,10,1,'Jh','2d',1,0,0,0,0
10,14,10,1,'Jh','2d',1,0,0,0,0
10,15,10,2,'Jh','3d',1,0,0,0,0
10,15,10,2,'Jh','3d',1,0,0,0,0
10,16,10,3,'Jh','4d',1,0,0,0,0
10,16,10,3,'Jh','4d',1,0,0,0,0
10,17,10,4,'Jh','5d',1,0,0,0,0
10,17,10,4,'Jh','5d',1,0,0,0,0
10,18,10,5,'Jh','6d',1,0,0,0,0
10,18,10,5,'Jh','6d',1,0,0,0,0
10,19,10,6,'Jh','7d',1,0,1,0,0
10,19,10,6,'Jh','7d',1,0,1,0,0
10,20,10,7,'Jh','8d',1,0,1,0,0
10,20,10,7,'Jh','8d',1,0,1,0,0
10,21,10,8,'Jh','9d',2,0,1,0,0
10,21,10,8,'Jh','9d',2,0,1,0,0
10,22,10,9,'Jh','Td',2,0,1,0,0
10,22,10,9,'Jh','Td',2,0,1,0,0
10,23,10,10,'Jh','Jd',2,0,1,0,1
10,23,10,10,'Jh','Jd',2,0,1,0,1
10,24,10,11,'Jh','Qd',2,1,1,0,0
10,24,10,11,'Jh','Qd',2,1,1,0,0
10,25,10,12,'Jh','Kd',2,1,1,0,0
10,25,10,12,'Jh','Kd',2,1,1,0,0
10,26,10,0,'Jh','As',2,1,1,0,0
10,26,10,0,'Jh','As',2,1,1,0,0
10,27,10,1,'Jh','2s',1,0,0,0,0
10,27,10,1,'Jh','2s',1,0,0,0,0
10,28,10,2,'Jh','3s',1,0,0,0,0
10,28,10,2,'Jh','3s',1,0,0,0,0
10,29,10,3,'Jh','4s',1,0,0,0,0
10,29,10,3,'Jh','4s',1,0,0,0,0
10,30,10,4,'Jh','5s',1,0,0,0,0
10,30,10,4,'Jh','5s',1,0,0,0,0
10,31,10,5,'Jh','6s',1,0,0,0,0
10,31,10,5,'Jh','6s',1,0,0,0,0
10,32,10,6,'Jh','7s',1,0,1,0,0
10,32,10,6,'Jh','7s',1,0,1,0,0
10,33,10,7,'Jh','8s',1,0,1,0,0
10,33,10,7,'Jh','8s',1,0,1,0,0
10,34,10,8,'Jh','9s',2,0,1,0,0
10,34,10,8,'Jh','9s',2,0,1,0,0
10,35,10,9,'Jh','Ts',2,0,1,0,0
10,35,10,9,'Jh','Ts',2,0,1,0,0
10,36,10,10,'Jh','Js',2,0,1,0,1
10,36,10,10,'Jh','Js',2,0,1,0,1
10,37,10,11,'Jh','Qs',2,1,1,0,0
10,37,10,11,'Jh','Qs',2,1,1,0,0
10,38,10,12,'Jh','Ks',2,1,1,0,0
10,38,10,12,'Jh','Ks',2,1,1,0,0
10,39,10,0,'Jh','Ac',2,1,1,0,0
10,39,10,0,'Jh','Ac',2,1,1,0,0
10,40,10,1,'Jh','2c',1,0,0,0,0
10,40,10,1,'Jh','2c',1,0,0,0,0
10,41,10,2,'Jh','3c',1,0,0,0,0
10,41,10,2,'Jh','3c',1,0,0,0,0
10,42,10,3,'Jh','4c',1,0,0,0,0
10,42,10,3,'Jh','4c',1,0,0,0,0
10,43,10,4,'Jh','5c',1,0,0,0,0
10,43,10,4,'Jh','5c',1,0,0,0,0
10,44,10,5,'Jh','6c',1,0,0,0,0
10,44,10,5,'Jh','6c',1,0,0,0,0
10,45,10,6,'Jh','7c',1,0,1,0,0
10,45,10,6,'Jh','7c',1,0,1,0,0
10,46,10,7,'Jh','8c',1,0,1,0,0
10,46,10,7,'Jh','8c',1,0,1,0,0
10,47,10,8,'Jh','9c',2,0,1,0,0
10,47,10,8,'Jh','9c',2,0,1,0,0
10,48,10,9,'Jh','Tc',2,0,1,0,0
10,48,10,9,'Jh','Tc',2,0,1,0,0
10,49,10,10,'Jh','Jc',2,0,1,0,1
10,49,10,10,'Jh','Jc',2,0,1,0,1
10,50,10,11,'Jh','Qc',2,1,1,0,0
10,50,10,11,'Jh','Qc',2,1,1,0,0
10,51,10,12,'Jh','Kc',2,1,1,0,0
10,51,10,12,'Jh','Kc',2,1,1,0,0
11,12,11,12,'Qh','Kh',2,1,1,1,0
11,12,11,12,'Qh','Kh',2,1,1,1,0
11,13,11,0,'Qh','Ad',2,1,1,0,0
11,13,11,0,'Qh','Ad',2,1,1,0,0
11,14,11,1,'Qh','2d',1,1,0,0,0
11,14,11,1,'Qh','2d',1,1,0,0,0
11,15,11,2,'Qh','3d',1,1,0,0,0
11,15,11,2,'Qh','3d',1,1,0,0,0
11,16,11,3,'Qh','4d',1,1,0,0,0
11,16,11,3,'Qh','4d',1,1,0,0,0
11,17,11,4,'Qh','5d',1,1,0,0,0
11,17,11,4,'Qh','5d',1,1,0,0,0
11,18,11,5,'Qh','6d',1,1,0,0,0
11,18,11,5,'Qh','6d',1,1,0,0,0
11,19,11,6,'Qh','7d',1,1,0,0,0
11,19,11,6,'Qh','7d',1,1,0,0,0
11,20,11,7,'Qh','8d',1,1,1,0,0
11,20,11,7,'Qh','8d',1,1,1,0,0
11,21,11,8,'Qh','9d',2,1,1,0,0
11,21,11,8,'Qh','9d',2,1,1,0,0
11,22,11,9,'Qh','Td',2,1,1,0,0
11,22,11,9,'Qh','Td',2,1,1,0,0
11,23,11,10,'Qh','Jd',2,1,1,0,0
11,23,11,10,'Qh','Jd',2,1,1,0,0
11,24,11,11,'Qh','Qd',2,1,1,0,1
11,24,11,11,'Qh','Qd',2,1,1,0,1
11,25,11,12,'Qh','Kd',2,1,1,0,0
11,25,11,12,'Qh','Kd',2,1,1,0,0
11,26,11,0,'Qh','As',2,1,1,0,0
11,26,11,0,'Qh','As',2,1,1,0,0
11,27,11,1,'Qh','2s',1,1,0,0,0
11,27,11,1,'Qh','2s',1,1,0,0,0
11,28,11,2,'Qh','3s',1,1,0,0,0
11,28,11,2,'Qh','3s',1,1,0,0,0
11,29,11,3,'Qh','4s',1,1,0,0,0
11,29,11,3,'Qh','4s',1,1,0,0,0
11,30,11,4,'Qh','5s',1,1,0,0,0
11,30,11,4,'Qh','5s',1,1,0,0,0
11,31,11,5,'Qh','6s',1,1,0,0,0
11,31,11,5,'Qh','6s',1,1,0,0,0
11,32,11,6,'Qh','7s',1,1,0,0,0
11,32,11,6,'Qh','7s',1,1,0,0,0
11,33,11,7,'Qh','8s',1,1,1,0,0
11,33,11,7,'Qh','8s',1,1,1,0,0
11,34,11,8,'Qh','9s',2,1,1,0,0
11,34,11,8,'Qh','9s',2,1,1,0,0
11,35,11,9,'Qh','Ts',2,1,1,0,0
11,35,11,9,'Qh','Ts',2,1,1,0,0
11,36,11,10,'Qh','Js',2,1,1,0,0
11,36,11,10,'Qh','Js',2,1,1,0,0
11,37,11,11,'Qh','Qs',2,1,1,0,1
11,37,11,11,'Qh','Qs',2,1,1,0,1
11,38,11,12,'Qh','Ks',2,1,1,0,0
11,38,11,12,'Qh','Ks',2,1,1,0,0
11,39,11,0,'Qh','Ac',2,1,1,0,0
11,39,11,0,'Qh','Ac',2,1,1,0,0
11,40,11,1,'Qh','2c',1,1,0,0,0
11,40,11,1,'Qh','2c',1,1,0,0,0
11,41,11,2,'Qh','3c',1,1,0,0,0
11,41,11,2,'Qh','3c',1,1,0,0,0
11,42,11,3,'Qh','4c',1,1,0,0,0
11,42,11,3,'Qh','4c',1,1,0,0,0
11,43,11,4,'Qh','5c',1,1,0,0,0
11,43,11,4,'Qh','5c',1,1,0,0,0
11,44,11,5,'Qh','6c',1,1,0,0,0
11,44,11,5,'Qh','6c',1,1,0,0,0
11,45,11,6,'Qh','7c',1,1,0,0,0
11,45,11,6,'Qh','7c',1,1,0,0,0
11,46,11,7,'Qh','8c',1,1,1,0,0
11,46,11,7,'Qh','8c',1,1,1,0,0
11,47,11,8,'Qh','9c',2,1,1,0,0
11,47,11,8,'Qh','9c',2,1,1,0,0
11,48,11,9,'Qh','Tc',2,1,1,0,0
11,48,11,9,'Qh','Tc',2,1,1,0,0
11,49,11,10,'Qh','Jc',2,1,1,0,0
11,49,11,10,'Qh','Jc',2,1,1,0,0
11,50,11,11,'Qh','Qc',2,1,1,0,1
11,50,11,11,'Qh','Qc',2,1,1,0,1
11,51,11,12,'Qh','Kc',2,1,1,0,0
11,51,11,12,'Qh','Kc',2,1,1,0,0
12,13,12,0,'Kh','Ad',2,1,1,0,0
12,13,12,0,'Kh','Ad',2,1,1,0,0
12,14,12,1,'Kh','2d',1,1,0,0,0
12,14,12,1,'Kh','2d',1,1,0,0,0
12,15,12,2,'Kh','3d',1,1,0,0,0
12,15,12,2,'Kh','3d',1,1,0,0,0
12,16,12,3,'Kh','4d',1,1,0,0,0
12,16,12,3,'Kh','4d',1,1,0,0,0
12,17,12,4,'Kh','5d',1,1,0,0,0
12,17,12,4,'Kh','5d',1,1,0,0,0
12,18,12,5,'Kh','6d',1,1,0,0,0
12,18,12,5,'Kh','6d',1,1,0,0,0
12,19,12,6,'Kh','7d',1,1,0,0,0
12,19,12,6,'Kh','7d',1,1,0,0,0
12,20,12,7,'Kh','8d',1,1,0,0,0
12,20,12,7,'Kh','8d',1,1,0,0,0
12,21,12,8,'Kh','9d',2,1,1,0,0
12,21,12,8,'Kh','9d',2,1,1,0,0
12,22,12,9,'Kh','Td',2,1,1,0,0
12,22,12,9,'Kh','Td',2,1,1,0,0
12,23,12,10,'Kh','Jd',2,1,1,0,0
12,23,12,10,'Kh','Jd',2,1,1,0,0
12,24,12,11,'Kh','Qd',2,1,1,0,0
12,24,12,11,'Kh','Qd',2,1,1,0,0
12,25,12,12,'Kh','Kd',2,1,1,0,1
12,25,12,12,'Kh','Kd',2,1,1,0,1
12,26,12,0,'Kh','As',2,1,1,0,0
12,26,12,0,'Kh','As',2,1,1,0,0
12,27,12,1,'Kh','2s',1,1,0,0,0
12,27,12,1,'Kh','2s',1,1,0,0,0
12,28,12,2,'Kh','3s',1,1,0,0,0
12,28,12,2,'Kh','3s',1,1,0,0,0
12,29,12,3,'Kh','4s',1,1,0,0,0
12,29,12,3,'Kh','4s',1,1,0,0,0
12,30,12,4,'Kh','5s',1,1,0,0,0
12,30,12,4,'Kh','5s',1,1,0,0,0
12,31,12,5,'Kh','6s',1,1,0,0,0
12,31,12,5,'Kh','6s',1,1,0,0,0
12,32,12,6,'Kh','7s',1,1,0,0,0
12,32,12,6,'Kh','7s',1,1,0,0,0
12,33,12,7,'Kh','8s',1,1,0,0,0
12,33,12,7,'Kh','8s',1,1,0,0,0
12,34,12,8,'Kh','9s',2,1,1,0,0
12,34,12,8,'Kh','9s',2,1,1,0,0
12,35,12,9,'Kh','Ts',2,1,1,0,0
12,35,12,9,'Kh','Ts',2,1,1,0,0
12,36,12,10,'Kh','Js',2,1,1,0,0
12,36,12,10,'Kh','Js',2,1,1,0,0
12,37,12,11,'Kh','Qs',2,1,1,0,0
12,37,12,11,'Kh','Qs',2,1,1,0,0
12,38,12,12,'Kh','Ks',2,1,1,0,1
12,38,12,12,'Kh','Ks',2,1,1,0,1
12,39,12,0,'Kh','Ac',2,1,1,0,0
12,39,12,0,'Kh','Ac',2,1,1,0,0
12,40,12,1,'Kh','2c',1,1,0,0,0
12,40,12,1,'Kh','2c',1,1,0,0,0
12,41,12,2,'Kh','3c',1,1,0,0,0
12,41,12,2,'Kh','3c',1,1,0,0,0
12,42,12,3,'Kh','4c',1,1,0,0,0
12,42,12,3,'Kh','4c',1,1,0,0,0
12,43,12,4,'Kh','5c',1,1,0,0,0
12,43,12,4,'Kh','5c',1,1,0,0,0
12,44,12,5,'Kh','6c',1,1,0,0,0
12,44,12,5,'Kh','6c',1,1,0,0,0
12,45,12,6,'Kh','7c',1,1,0,0,0
12,45,12,6,'Kh','7c',1,1,0,0,0
12,46,12,7,'Kh','8c',1,1,0,0,0
12,46,12,7,'Kh','8c',1,1,0,0,0
12,47,12,8,'Kh','9c',2,1,1,0,0
12,47,12,8,'Kh','9c',2,1,1,0,0
12,48,12,9,'Kh','Tc',2,1,1,0,0
12,48,12,9,'Kh','Tc',2,1,1,0,0
12,49,12,10,'Kh','Jc',2,1,1,0,0
12,49,12,10,'Kh','Jc',2,1,1,0,0
12,50,12,11,'Kh','Qc',2,1,1,0,0
12,50,12,11,'Kh','Qc',2,1,1,0,0
12,51,12,12,'Kh','Kc',2,1,1,0,1
12,51,12,12,'Kh','Kc',2,1,1,0,1
13,14,0,1,'Ad','2d',1,1,1,1,0
13,14,0,1,'Ad','2d',1,1,1,1,0
13,15,0,2,'Ad','3d',1,1,1,1,0
13,15,0,2,'Ad','3d',1,1,1,1,0
13,16,0,3,'Ad','4d',1,1,1,1,0
13,16,0,3,'Ad','4d',1,1,1,1,0
13,17,0,4,'Ad','5d',1,1,1,1,0
13,17,0,4,'Ad','5d',1,1,1,1,0
13,18,0,5,'Ad','6d',1,1,0,1,0
13,18,0,5,'Ad','6d',1,1,0,1,0
13,19,0,6,'Ad','7d',1,1,0,1,0
13,19,0,6,'Ad','7d',1,1,0,1,0
13,20,0,7,'Ad','8d',1,1,0,1,0
13,20,0,7,'Ad','8d',1,1,0,1,0
13,21,0,8,'Ad','9d',2,1,0,1,0
13,21,0,8,'Ad','9d',2,1,0,1,0
13,22,0,9,'Ad','Td',2,1,1,1,0
13,22,0,9,'Ad','Td',2,1,1,1,0
13,23,0,10,'Ad','Jd',2,1,1,1,0
13,23,0,10,'Ad','Jd',2,1,1,1,0
13,24,0,11,'Ad','Qd',2,1,1,1,0
13,24,0,11,'Ad','Qd',2,1,1,1,0
13,25,0,12,'Ad','Kd',2,1,1,1,0
13,25,0,12,'Ad','Kd',2,1,1,1,0
13,26,0,0,'Ad','As',2,1,1,0,1
13,26,0,0,'Ad','As',2,1,1,0,1
13,27,0,1,'Ad','2s',1,1,1,0,0
13,27,0,1,'Ad','2s',1,1,1,0,0
13,28,0,2,'Ad','3s',1,1,1,0,0
13,28,0,2,'Ad','3s',1,1,1,0,0
13,29,0,3,'Ad','4s',1,1,1,0,0
13,29,0,3,'Ad','4s',1,1,1,0,0
13,30,0,4,'Ad','5s',1,1,1,0,0
13,30,0,4,'Ad','5s',1,1,1,0,0
13,31,0,5,'Ad','6s',1,1,0,0,0
13,31,0,5,'Ad','6s',1,1,0,0,0
13,32,0,6,'Ad','7s',1,1,0,0,0
13,32,0,6,'Ad','7s',1,1,0,0,0
13,33,0,7,'Ad','8s',1,1,0,0,0
13,33,0,7,'Ad','8s',1,1,0,0,0
13,34,0,8,'Ad','9s',2,1,0,0,0
13,34,0,8,'Ad','9s',2,1,0,0,0
13,35,0,9,'Ad','Ts',2,1,1,0,0
13,35,0,9,'Ad','Ts',2,1,1,0,0
13,36,0,10,'Ad','Js',2,1,1,0,0
13,36,0,10,'Ad','Js',2,1,1,0,0
13,37,0,11,'Ad','Qs',2,1,1,0,0
13,37,0,11,'Ad','Qs',2,1,1,0,0
13,38,0,12,'Ad','Ks',2,1,1,0,0
13,38,0,12,'Ad','Ks',2,1,1,0,0
13,39,0,0,'Ad','Ac',2,1,1,0,1
13,39,0,0,'Ad','Ac',2,1,1,0,1
13,40,0,1,'Ad','2c',1,1,1,0,0
13,40,0,1,'Ad','2c',1,1,1,0,0
13,41,0,2,'Ad','3c',1,1,1,0,0
13,41,0,2,'Ad','3c',1,1,1,0,0
13,42,0,3,'Ad','4c',1,1,1,0,0
13,42,0,3,'Ad','4c',1,1,1,0,0
13,43,0,4,'Ad','5c',1,1,1,0,0
13,43,0,4,'Ad','5c',1,1,1,0,0
13,44,0,5,'Ad','6c',1,1,0,0,0
13,44,0,5,'Ad','6c',1,1,0,0,0
13,45,0,6,'Ad','7c',1,1,0,0,0
13,45,0,6,'Ad','7c',1,1,0,0,0
13,46,0,7,'Ad','8c',1,1,0,0,0
13,46,0,7,'Ad','8c',1,1,0,0,0
13,47,0,8,'Ad','9c',2,1,0,0,0
13,47,0,8,'Ad','9c',2,1,0,0,0
13,48,0,9,'Ad','Tc',2,1,1,0,0
13,48,0,9,'Ad','Tc',2,1,1,0,0
13,49,0,10,'Ad','Jc',2,1,1,0,0
13,49,0,10,'Ad','Jc',2,1,1,0,0
13,50,0,11,'Ad','Qc',2,1,1,0,0
13,50,0,11,'Ad','Qc',2,1,1,0,0
13,51,0,12,'Ad','Kc',2,1,1,0,0
13,51,0,12,'Ad','Kc',2,1,1,0,0
14,15,1,2,'2d','3d',0,0,1,1,0
14,15,1,2,'2d','3d',0,0,1,1,0
14,16,1,3,'2d','4d',0,0,1,1,0
14,16,1,3,'2d','4d',0,0,1,1,0
14,17,1,4,'2d','5d',0,0,1,1,0
14,17,1,4,'2d','5d',0,0,1,1,0
14,18,1,5,'2d','6d',0,0,1,1,0
14,18,1,5,'2d','6d',0,0,1,1,0
14,19,1,6,'2d','7d',0,0,0,1,0
14,19,1,6,'2d','7d',0,0,0,1,0
14,20,1,7,'2d','8d',0,0,0,1,0
14,20,1,7,'2d','8d',0,0,0,1,0
14,21,1,8,'2d','9d',1,0,0,1,0
14,21,1,8,'2d','9d',1,0,0,1,0
14,22,1,9,'2d','Td',1,0,0,1,0
14,22,1,9,'2d','Td',1,0,0,1,0
14,23,1,10,'2d','Jd',1,0,0,1,0
14,23,1,10,'2d','Jd',1,0,0,1,0
14,24,1,11,'2d','Qd',1,1,0,1,0
14,24,1,11,'2d','Qd',1,1,0,1,0
14,25,1,12,'2d','Kd',1,1,0,1,0
14,25,1,12,'2d','Kd',1,1,0,1,0
14,26,1,0,'2d','As',1,1,1,0,0
14,26,1,0,'2d','As',1,1,1,0,0
14,27,1,1,'2d','2s',0,0,1,0,1
14,27,1,1,'2d','2s',0,0,1,0,1
14,28,1,2,'2d','3s',0,0,1,0,0
14,28,1,2,'2d','3s',0,0,1,0,0
14,29,1,3,'2d','4s',0,0,1,0,0
14,29,1,3,'2d','4s',0,0,1,0,0
14,30,1,4,'2d','5s',0,0,1,0,0
14,30,1,4,'2d','5s',0,0,1,0,0
14,31,1,5,'2d','6s',0,0,1,0,0
14,31,1,5,'2d','6s',0,0,1,0,0
14,32,1,6,'2d','7s',0,0,0,0,0
14,32,1,6,'2d','7s',0,0,0,0,0
14,33,1,7,'2d','8s',0,0,0,0,0
14,33,1,7,'2d','8s',0,0,0,0,0
14,34,1,8,'2d','9s',1,0,0,0,0
14,34,1,8,'2d','9s',1,0,0,0,0
14,35,1,9,'2d','Ts',1,0,0,0,0
14,35,1,9,'2d','Ts',1,0,0,0,0
14,36,1,10,'2d','Js',1,0,0,0,0
14,36,1,10,'2d','Js',1,0,0,0,0
14,37,1,11,'2d','Qs',1,1,0,0,0
14,37,1,11,'2d','Qs',1,1,0,0,0
14,38,1,12,'2d','Ks',1,1,0,0,0
14,38,1,12,'2d','Ks',1,1,0,0,0
14,39,1,0,'2d','Ac',1,1,1,0,0
14,39,1,0,'2d','Ac',1,1,1,0,0
14,40,1,1,'2d','2c',0,0,1,0,1
14,40,1,1,'2d','2c',0,0,1,0,1
14,41,1,2,'2d','3c',0,0,1,0,0
14,41,1,2,'2d','3c',0,0,1,0,0
14,42,1,3,'2d','4c',0,0,1,0,0
14,42,1,3,'2d','4c',0,0,1,0,0
14,43,1,4,'2d','5c',0,0,1,0,0
14,43,1,4,'2d','5c',0,0,1,0,0
14,44,1,5,'2d','6c',0,0,1,0,0
14,44,1,5,'2d','6c',0,0,1,0,0
14,45,1,6,'2d','7c',0,0,0,0,0
14,45,1,6,'2d','7c',0,0,0,0,0
14,46,1,7,'2d','8c',0,0,0,0,0
14,46,1,7,'2d','8c',0,0,0,0,0
14,47,1,8,'2d','9c',1,0,0,0,0
14,47,1,8,'2d','9c',1,0,0,0,0
14,48,1,9,'2d','Tc',1,0,0,0,0
14,48,1,9,'2d','Tc',1,0,0,0,0
14,49,1,10,'2d','Jc',1,0,0,0,0
14,49,1,10,'2d','Jc',1,0,0,0,0
14,50,1,11,'2d','Qc',1,1,0,0,0
14,50,1,11,'2d','Qc',1,1,0,0,0
14,51,1,12,'2d','Kc',1,1,0,0,0
14,51,1,12,'2d','Kc',1,1,0,0,0
15,16,2,3,'3d','4d',0,0,1,1,0
15,16,2,3,'3d','4d',0,0,1,1,0
15,17,2,4,'3d','5d',0,0,1,1,0
15,17,2,4,'3d','5d',0,0,1,1,0
15,18,2,5,'3d','6d',0,0,1,1,0
15,18,2,5,'3d','6d',0,0,1,1,0
15,19,2,6,'3d','7d',0,0,1,1,0
15,19,2,6,'3d','7d',0,0,1,1,0
15,20,2,7,'3d','8d',0,0,0,1,0
15,20,2,7,'3d','8d',0,0,0,1,0
15,21,2,8,'3d','9d',1,0,0,1,0
15,21,2,8,'3d','9d',1,0,0,1,0
15,22,2,9,'3d','Td',1,0,0,1,0
15,22,2,9,'3d','Td',1,0,0,1,0
15,23,2,10,'3d','Jd',1,0,0,1,0
15,23,2,10,'3d','Jd',1,0,0,1,0
15,24,2,11,'3d','Qd',1,1,0,1,0
15,24,2,11,'3d','Qd',1,1,0,1,0
15,25,2,12,'3d','Kd',1,1,0,1,0
15,25,2,12,'3d','Kd',1,1,0,1,0
15,26,2,0,'3d','As',1,1,1,0,0
15,26,2,0,'3d','As',1,1,1,0,0
15,27,2,1,'3d','2s',0,0,1,0,0
15,27,2,1,'3d','2s',0,0,1,0,0
15,28,2,2,'3d','3s',0,0,1,0,1
15,28,2,2,'3d','3s',0,0,1,0,1
15,29,2,3,'3d','4s',0,0,1,0,0
15,29,2,3,'3d','4s',0,0,1,0,0
15,30,2,4,'3d','5s',0,0,1,0,0
15,30,2,4,'3d','5s',0,0,1,0,0
15,31,2,5,'3d','6s',0,0,1,0,0
15,31,2,5,'3d','6s',0,0,1,0,0
15,32,2,6,'3d','7s',0,0,1,0,0
15,32,2,6,'3d','7s',0,0,1,0,0
15,33,2,7,'3d','8s',0,0,0,0,0
15,33,2,7,'3d','8s',0,0,0,0,0
15,34,2,8,'3d','9s',1,0,0,0,0
15,34,2,8,'3d','9s',1,0,0,0,0
15,35,2,9,'3d','Ts',1,0,0,0,0
15,35,2,9,'3d','Ts',1,0,0,0,0
15,36,2,10,'3d','Js',1,0,0,0,0
15,36,2,10,'3d','Js',1,0,0,0,0
15,37,2,11,'3d','Qs',1,1,0,0,0
15,37,2,11,'3d','Qs',1,1,0,0,0
15,38,2,12,'3d','Ks',1,1,0,0,0
15,38,2,12,'3d','Ks',1,1,0,0,0
15,39,2,0,'3d','Ac',1,1,1,0,0
15,39,2,0,'3d','Ac',1,1,1,0,0
15,40,2,1,'3d','2c',0,0,1,0,0
15,40,2,1,'3d','2c',0,0,1,0,0
15,41,2,2,'3d','3c',0,0,1,0,1
15,41,2,2,'3d','3c',0,0,1,0,1
15,42,2,3,'3d','4c',0,0,1,0,0
15,42,2,3,'3d','4c',0,0,1,0,0
15,43,2,4,'3d','5c',0,0,1,0,0
15,43,2,4,'3d','5c',0,0,1,0,0
15,44,2,5,'3d','6c',0,0,1,0,0
15,44,2,5,'3d','6c',0,0,1,0,0
15,45,2,6,'3d','7c',0,0,1,0,0
15,45,2,6,'3d','7c',0,0,1,0,0
15,46,2,7,'3d','8c',0,0,0,0,0
15,46,2,7,'3d','8c',0,0,0,0,0
15,47,2,8,'3d','9c',1,0,0,0,0
15,47,2,8,'3d','9c',1,0,0,0,0
15,48,2,9,'3d','Tc',1,0,0,0,0
15,48,2,9,'3d','Tc',1,0,0,0,0
15,49,2,10,'3d','Jc',1,0,0,0,0
15,49,2,10,'3d','Jc',1,0,0,0,0
15,50,2,11,'3d','Qc',1,1,0,0,0
15,50,2,11,'3d','Qc',1,1,0,0,0
15,51,2,12,'3d','Kc',1,1,0,0,0
15,51,2,12,'3d','Kc',1,1,0,0,0
16,17,3,4,'4d','5d',0,0,1,1,0
16,17,3,4,'4d','5d',0,0,1,1,0
16,18,3,5,'4d','6d',0,0,1,1,0
16,18,3,5,'4d','6d',0,0,1,1,0
16,19,3,6,'4d','7d',0,0,1,1,0
16,19,3,6,'4d','7d',0,0,1,1,0
16,20,3,7,'4d','8d',0,0,1,1,0
16,20,3,7,'4d','8d',0,0,1,1,0
16,21,3,8,'4d','9d',1,0,0,1,0
16,21,3,8,'4d','9d',1,0,0,1,0
16,22,3,9,'4d','Td',1,0,0,1,0
16,22,3,9,'4d','Td',1,0,0,1,0
16,23,3,10,'4d','Jd',1,0,0,1,0
16,23,3,10,'4d','Jd',1,0,0,1,0
16,24,3,11,'4d','Qd',1,1,0,1,0
16,24,3,11,'4d','Qd',1,1,0,1,0
16,25,3,12,'4d','Kd',1,1,0,1,0
16,25,3,12,'4d','Kd',1,1,0,1,0
16,26,3,0,'4d','As',1,1,1,0,0
16,26,3,0,'4d','As',1,1,1,0,0
16,27,3,1,'4d','2s',0,0,1,0,0
16,27,3,1,'4d','2s',0,0,1,0,0
16,28,3,2,'4d','3s',0,0,1,0,0
16,28,3,2,'4d','3s',0,0,1,0,0
16,29,3,3,'4d','4s',0,0,1,0,1
16,29,3,3,'4d','4s',0,0,1,0,1
16,30,3,4,'4d','5s',0,0,1,0,0
16,30,3,4,'4d','5s',0,0,1,0,0
16,31,3,5,'4d','6s',0,0,1,0,0
16,31,3,5,'4d','6s',0,0,1,0,0
16,32,3,6,'4d','7s',0,0,1,0,0
16,32,3,6,'4d','7s',0,0,1,0,0
16,33,3,7,'4d','8s',0,0,1,0,0
16,33,3,7,'4d','8s',0,0,1,0,0
16,34,3,8,'4d','9s',1,0,0,0,0
16,34,3,8,'4d','9s',1,0,0,0,0
16,35,3,9,'4d','Ts',1,0,0,0,0
16,35,3,9,'4d','Ts',1,0,0,0,0
16,36,3,10,'4d','Js',1,0,0,0,0
16,36,3,10,'4d','Js',1,0,0,0,0
16,37,3,11,'4d','Qs',1,1,0,0,0
16,37,3,11,'4d','Qs',1,1,0,0,0
16,38,3,12,'4d','Ks',1,1,0,0,0
16,38,3,12,'4d','Ks',1,1,0,0,0
16,39,3,0,'4d','Ac',1,1,1,0,0
16,39,3,0,'4d','Ac',1,1,1,0,0
16,40,3,1,'4d','2c',0,0,1,0,0
16,40,3,1,'4d','2c',0,0,1,0,0
16,41,3,2,'4d','3c',0,0,1,0,0
16,41,3,2,'4d','3c',0,0,1,0,0
16,42,3,3,'4d','4c',0,0,1,0,1
16,42,3,3,'4d','4c',0,0,1,0,1
16,43,3,4,'4d','5c',0,0,1,0,0
16,43,3,4,'4d','5c',0,0,1,0,0
16,44,3,5,'4d','6c',0,0,1,0,0
16,44,3,5,'4d','6c',0,0,1,0,0
16,45,3,6,'4d','7c',0,0,1,0,0
16,45,3,6,'4d','7c',0,0,1,0,0
16,46,3,7,'4d','8c',0,0,1,0,0
16,46,3,7,'4d','8c',0,0,1,0,0
16,47,3,8,'4d','9c',1,0,0,0,0
16,47,3,8,'4d','9c',1,0,0,0,0
16,48,3,9,'4d','Tc',1,0,0,0,0
16,48,3,9,'4d','Tc',1,0,0,0,0
16,49,3,10,'4d','Jc',1,0,0,0,0
16,49,3,10,'4d','Jc',1,0,0,0,0
16,50,3,11,'4d','Qc',1,1,0,0,0
16,50,3,11,'4d','Qc',1,1,0,0,0
16,51,3,12,'4d','Kc',1,1,0,0,0
16,51,3,12,'4d','Kc',1,1,0,0,0
17,18,4,5,'5d','6d',0,0,1,1,0
17,18,4,5,'5d','6d',0,0,1,1,0
17,19,4,6,'5d','7d',0,0,1,1,0
17,19,4,6,'5d','7d',0,0,1,1,0
17,20,4,7,'5d','8d',0,0,1,1,0
17,20,4,7,'5d','8d',0,0,1,1,0
17,21,4,8,'5d','9d',1,0,1,1,0
17,21,4,8,'5d','9d',1,0,1,1,0
17,22,4,9,'5d','Td',1,0,0,1,0
17,22,4,9,'5d','Td',1,0,0,1,0
17,23,4,10,'5d','Jd',1,0,0,1,0
17,23,4,10,'5d','Jd',1,0,0,1,0
17,24,4,11,'5d','Qd',1,1,0,1,0
17,24,4,11,'5d','Qd',1,1,0,1,0
17,25,4,12,'5d','Kd',1,1,0,1,0
17,25,4,12,'5d','Kd',1,1,0,1,0
17,26,4,0,'5d','As',1,1,1,0,0
17,26,4,0,'5d','As',1,1,1,0,0
17,27,4,1,'5d','2s',0,0,1,0,0
17,27,4,1,'5d','2s',0,0,1,0,0
17,28,4,2,'5d','3s',0,0,1,0,0
17,28,4,2,'5d','3s',0,0,1,0,0
17,29,4,3,'5d','4s',0,0,1,0,0
17,29,4,3,'5d','4s',0,0,1,0,0
17,30,4,4,'5d','5s',0,0,1,0,1
17,30,4,4,'5d','5s',0,0,1,0,1
17,31,4,5,'5d','6s',0,0,1,0,0
17,31,4,5,'5d','6s',0,0,1,0,0
17,32,4,6,'5d','7s',0,0,1,0,0
17,32,4,6,'5d','7s',0,0,1,0,0
17,33,4,7,'5d','8s',0,0,1,0,0
17,33,4,7,'5d','8s',0,0,1,0,0
17,34,4,8,'5d','9s',1,0,1,0,0
17,34,4,8,'5d','9s',1,0,1,0,0
17,35,4,9,'5d','Ts',1,0,0,0,0
17,35,4,9,'5d','Ts',1,0,0,0,0
17,36,4,10,'5d','Js',1,0,0,0,0
17,36,4,10,'5d','Js',1,0,0,0,0
17,37,4,11,'5d','Qs',1,1,0,0,0
17,37,4,11,'5d','Qs',1,1,0,0,0
17,38,4,12,'5d','Ks',1,1,0,0,0
17,38,4,12,'5d','Ks',1,1,0,0,0
17,39,4,0,'5d','Ac',1,1,1,0,0
17,39,4,0,'5d','Ac',1,1,1,0,0
17,40,4,1,'5d','2c',0,0,1,0,0
17,40,4,1,'5d','2c',0,0,1,0,0
17,41,4,2,'5d','3c',0,0,1,0,0
17,41,4,2,'5d','3c',0,0,1,0,0
17,42,4,3,'5d','4c',0,0,1,0,0
17,42,4,3,'5d','4c',0,0,1,0,0
17,43,4,4,'5d','5c',0,0,1,0,1
17,43,4,4,'5d','5c',0,0,1,0,1
17,44,4,5,'5d','6c',0,0,1,0,0
17,44,4,5,'5d','6c',0,0,1,0,0
17,45,4,6,'5d','7c',0,0,1,0,0
17,45,4,6,'5d','7c',0,0,1,0,0
17,46,4,7,'5d','8c',0,0,1,0,0
17,46,4,7,'5d','8c',0,0,1,0,0
17,47,4,8,'5d','9c',1,0,1,0,0
17,47,4,8,'5d','9c',1,0,1,0,0
17,48,4,9,'5d','Tc',1,0,0,0,0
17,48,4,9,'5d','Tc',1,0,0,0,0
17,49,4,10,'5d','Jc',1,0,0,0,0
17,49,4,10,'5d','Jc',1,0,0,0,0
17,50,4,11,'5d','Qc',1,1,0,0,0
17,50,4,11,'5d','Qc',1,1,0,0,0
17,51,4,12,'5d','Kc',1,1,0,0,0
17,51,4,12,'5d','Kc',1,1,0,0,0
18,19,5,6,'6d','7d',0,0,1,1,0
18,19,5,6,'6d','7d',0,0,1,1,0
18,20,5,7,'6d','8d',0,0,1,1,0
18,20,5,7,'6d','8d',0,0,1,1,0
18,21,5,8,'6d','9d',1,0,1,1,0
18,21,5,8,'6d','9d',1,0,1,1,0
18,22,5,9,'6d','Td',1,0,1,1,0
18,22,5,9,'6d','Td',1,0,1,1,0
18,23,5,10,'6d','Jd',1,0,0,1,0
18,23,5,10,'6d','Jd',1,0,0,1,0
18,24,5,11,'6d','Qd',1,1,0,1,0
18,24,5,11,'6d','Qd',1,1,0,1,0
18,25,5,12,'6d','Kd',1,1,0,1,0
18,25,5,12,'6d','Kd',1,1,0,1,0
18,26,5,0,'6d','As',1,1,0,0,0
18,26,5,0,'6d','As',1,1,0,0,0
18,27,5,1,'6d','2s',0,0,1,0,0
18,27,5,1,'6d','2s',0,0,1,0,0
18,28,5,2,'6d','3s',0,0,1,0,0
18,28,5,2,'6d','3s',0,0,1,0,0
18,29,5,3,'6d','4s',0,0,1,0,0
18,29,5,3,'6d','4s',0,0,1,0,0
18,30,5,4,'6d','5s',0,0,1,0,0
18,30,5,4,'6d','5s',0,0,1,0,0
18,31,5,5,'6d','6s',0,0,1,0,1
18,31,5,5,'6d','6s',0,0,1,0,1
18,32,5,6,'6d','7s',0,0,1,0,0
18,32,5,6,'6d','7s',0,0,1,0,0
18,33,5,7,'6d','8s',0,0,1,0,0
18,33,5,7,'6d','8s',0,0,1,0,0
18,34,5,8,'6d','9s',1,0,1,0,0
18,34,5,8,'6d','9s',1,0,1,0,0
18,35,5,9,'6d','Ts',1,0,1,0,0
18,35,5,9,'6d','Ts',1,0,1,0,0
18,36,5,10,'6d','Js',1,0,0,0,0
18,36,5,10,'6d','Js',1,0,0,0,0
18,37,5,11,'6d','Qs',1,1,0,0,0
18,37,5,11,'6d','Qs',1,1,0,0,0
18,38,5,12,'6d','Ks',1,1,0,0,0
18,38,5,12,'6d','Ks',1,1,0,0,0
18,39,5,0,'6d','Ac',1,1,0,0,0
18,39,5,0,'6d','Ac',1,1,0,0,0
18,40,5,1,'6d','2c',0,0,1,0,0
18,40,5,1,'6d','2c',0,0,1,0,0
18,41,5,2,'6d','3c',0,0,1,0,0
18,41,5,2,'6d','3c',0,0,1,0,0
18,42,5,3,'6d','4c',0,0,1,0,0
18,42,5,3,'6d','4c',0,0,1,0,0
18,43,5,4,'6d','5c',0,0,1,0,0
18,43,5,4,'6d','5c',0,0,1,0,0
18,44,5,5,'6d','6c',0,0,1,0,1
18,44,5,5,'6d','6c',0,0,1,0,1
18,45,5,6,'6d','7c',0,0,1,0,0
18,45,5,6,'6d','7c',0,0,1,0,0
18,46,5,7,'6d','8c',0,0,1,0,0
18,46,5,7,'6d','8c',0,0,1,0,0
18,47,5,8,'6d','9c',1,0,1,0,0
18,47,5,8,'6d','9c',1,0,1,0,0
18,48,5,9,'6d','Tc',1,0,1,0,0
18,48,5,9,'6d','Tc',1,0,1,0,0
18,49,5,10,'6d','Jc',1,0,0,0,0
18,49,5,10,'6d','Jc',1,0,0,0,0
18,50,5,11,'6d','Qc',1,1,0,0,0
18,50,5,11,'6d','Qc',1,1,0,0,0
18,51,5,12,'6d','Kc',1,1,0,0,0
18,51,5,12,'6d','Kc',1,1,0,0,0
19,20,6,7,'7d','8d',0,0,1,1,0
19,20,6,7,'7d','8d',0,0,1,1,0
19,21,6,8,'7d','9d',1,0,1,1,0
19,21,6,8,'7d','9d',1,0,1,1,0
19,22,6,9,'7d','Td',1,0,1,1,0
19,22,6,9,'7d','Td',1,0,1,1,0
19,23,6,10,'7d','Jd',1,0,1,1,0
19,23,6,10,'7d','Jd',1,0,1,1,0
19,24,6,11,'7d','Qd',1,1,0,1,0
19,24,6,11,'7d','Qd',1,1,0,1,0
19,25,6,12,'7d','Kd',1,1,0,1,0
19,25,6,12,'7d','Kd',1,1,0,1,0
19,26,6,0,'7d','As',1,1,0,0,0
19,26,6,0,'7d','As',1,1,0,0,0
19,27,6,1,'7d','2s',0,0,0,0,0
19,27,6,1,'7d','2s',0,0,0,0,0
19,28,6,2,'7d','3s',0,0,1,0,0
19,28,6,2,'7d','3s',0,0,1,0,0
19,29,6,3,'7d','4s',0,0,1,0,0
19,29,6,3,'7d','4s',0,0,1,0,0
19,30,6,4,'7d','5s',0,0,1,0,0
19,30,6,4,'7d','5s',0,0,1,0,0
19,31,6,5,'7d','6s',0,0,1,0,0
19,31,6,5,'7d','6s',0,0,1,0,0
19,32,6,6,'7d','7s',0,0,1,0,1
19,32,6,6,'7d','7s',0,0,1,0,1
19,33,6,7,'7d','8s',0,0,1,0,0
19,33,6,7,'7d','8s',0,0,1,0,0
19,34,6,8,'7d','9s',1,0,1,0,0
19,34,6,8,'7d','9s',1,0,1,0,0
19,35,6,9,'7d','Ts',1,0,1,0,0
19,35,6,9,'7d','Ts',1,0,1,0,0
19,36,6,10,'7d','Js',1,0,1,0,0
19,36,6,10,'7d','Js',1,0,1,0,0
19,37,6,11,'7d','Qs',1,1,0,0,0
19,37,6,11,'7d','Qs',1,1,0,0,0
19,38,6,12,'7d','Ks',1,1,0,0,0
19,38,6,12,'7d','Ks',1,1,0,0,0
19,39,6,0,'7d','Ac',1,1,0,0,0
19,39,6,0,'7d','Ac',1,1,0,0,0
19,40,6,1,'7d','2c',0,0,0,0,0
19,40,6,1,'7d','2c',0,0,0,0,0
19,41,6,2,'7d','3c',0,0,1,0,0
19,41,6,2,'7d','3c',0,0,1,0,0
19,42,6,3,'7d','4c',0,0,1,0,0
19,42,6,3,'7d','4c',0,0,1,0,0
19,43,6,4,'7d','5c',0,0,1,0,0
19,43,6,4,'7d','5c',0,0,1,0,0
19,44,6,5,'7d','6c',0,0,1,0,0
19,44,6,5,'7d','6c',0,0,1,0,0
19,45,6,6,'7d','7c',0,0,1,0,1
19,45,6,6,'7d','7c',0,0,1,0,1
19,46,6,7,'7d','8c',0,0,1,0,0
19,46,6,7,'7d','8c',0,0,1,0,0
19,47,6,8,'7d','9c',1,0,1,0,0
19,47,6,8,'7d','9c',1,0,1,0,0
19,48,6,9,'7d','Tc',1,0,1,0,0
19,48,6,9,'7d','Tc',1,0,1,0,0
19,49,6,10,'7d','Jc',1,0,1,0,0
19,49,6,10,'7d','Jc',1,0,1,0,0
19,50,6,11,'7d','Qc',1,1,0,0,0
19,50,6,11,'7d','Qc',1,1,0,0,0
19,51,6,12,'7d','Kc',1,1,0,0,0
19,51,6,12,'7d','Kc',1,1,0,0,0
20,21,7,8,'8d','9d',1,0,1,1,0
20,21,7,8,'8d','9d',1,0,1,1,0
20,22,7,9,'8d','Td',1,0,1,1,0
20,22,7,9,'8d','Td',1,0,1,1,0
20,23,7,10,'8d','Jd',1,0,1,1,0
20,23,7,10,'8d','Jd',1,0,1,1,0
20,24,7,11,'8d','Qd',1,1,1,1,0
20,24,7,11,'8d','Qd',1,1,1,1,0
20,25,7,12,'8d','Kd',1,1,0,1,0
20,25,7,12,'8d','Kd',1,1,0,1,0
20,26,7,0,'8d','As',1,1,0,0,0
20,26,7,0,'8d','As',1,1,0,0,0
20,27,7,1,'8d','2s',0,0,0,0,0
20,27,7,1,'8d','2s',0,0,0,0,0
20,28,7,2,'8d','3s',0,0,0,0,0
20,28,7,2,'8d','3s',0,0,0,0,0
20,29,7,3,'8d','4s',0,0,1,0,0
20,29,7,3,'8d','4s',0,0,1,0,0
20,30,7,4,'8d','5s',0,0,1,0,0
20,30,7,4,'8d','5s',0,0,1,0,0
20,31,7,5,'8d','6s',0,0,1,0,0
20,31,7,5,'8d','6s',0,0,1,0,0
20,32,7,6,'8d','7s',0,0,1,0,0
20,32,7,6,'8d','7s',0,0,1,0,0
20,33,7,7,'8d','8s',0,0,1,0,1
20,33,7,7,'8d','8s',0,0,1,0,1
20,34,7,8,'8d','9s',1,0,1,0,0
20,34,7,8,'8d','9s',1,0,1,0,0
20,35,7,9,'8d','Ts',1,0,1,0,0
20,35,7,9,'8d','Ts',1,0,1,0,0
20,36,7,10,'8d','Js',1,0,1,0,0
20,36,7,10,'8d','Js',1,0,1,0,0
20,37,7,11,'8d','Qs',1,1,1,0,0
20,37,7,11,'8d','Qs',1,1,1,0,0
20,38,7,12,'8d','Ks',1,1,0,0,0
20,38,7,12,'8d','Ks',1,1,0,0,0
20,39,7,0,'8d','Ac',1,1,0,0,0
20,39,7,0,'8d','Ac',1,1,0,0,0
20,40,7,1,'8d','2c',0,0,0,0,0
20,40,7,1,'8d','2c',0,0,0,0,0
20,41,7,2,'8d','3c',0,0,0,0,0
20,41,7,2,'8d','3c',0,0,0,0,0
20,42,7,3,'8d','4c',0,0,1,0,0
20,42,7,3,'8d','4c',0,0,1,0,0
20,43,7,4,'8d','5c',0,0,1,0,0
20,43,7,4,'8d','5c',0,0,1,0,0
20,44,7,5,'8d','6c',0,0,1,0,0
20,44,7,5,'8d','6c',0,0,1,0,0
20,45,7,6,'8d','7c',0,0,1,0,0
20,45,7,6,'8d','7c',0,0,1,0,0
20,46,7,7,'8d','8c',0,0,1,0,1
20,46,7,7,'8d','8c',0,0,1,0,1
20,47,7,8,'8d','9c',1,0,1,0,0
20,47,7,8,'8d','9c',1,0,1,0,0
20,48,7,9,'8d','Tc',1,0,1,0,0
20,48,7,9,'8d','Tc',1,0,1,0,0
20,49,7,10,'8d','Jc',1,0,1,0,0
20,49,7,10,'8d','Jc',1,0,1,0,0
20,50,7,11,'8d','Qc',1,1,1,0,0
20,50,7,11,'8d','Qc',1,1,1,0,0
20,51,7,12,'8d','Kc',1,1,0,0,0
20,51,7,12,'8d','Kc',1,1,0,0,0
21,22,8,9,'9d','Td',2,0,1,1,0
21,22,8,9,'9d','Td',2,0,1,1,0
21,23,8,10,'9d','Jd',2,0,1,1,0
21,23,8,10,'9d','Jd',2,0,1,1,0
21,24,8,11,'9d','Qd',2,1,1,1,0
21,24,8,11,'9d','Qd',2,1,1,1,0
21,25,8,12,'9d','Kd',2,1,1,1,0
21,25,8,12,'9d','Kd',2,1,1,1,0
21,26,8,0,'9d','As',2,1,0,0,0
21,26,8,0,'9d','As',2,1,0,0,0
21,27,8,1,'9d','2s',1,0,0,0,0
21,27,8,1,'9d','2s',1,0,0,0,0
21,28,8,2,'9d','3s',1,0,0,0,0
21,28,8,2,'9d','3s',1,0,0,0,0
21,29,8,3,'9d','4s',1,0,0,0,0
21,29,8,3,'9d','4s',1,0,0,0,0
21,30,8,4,'9d','5s',1,0,1,0,0
21,30,8,4,'9d','5s',1,0,1,0,0
21,31,8,5,'9d','6s',1,0,1,0,0
21,31,8,5,'9d','6s',1,0,1,0,0
21,32,8,6,'9d','7s',1,0,1,0,0
21,32,8,6,'9d','7s',1,0,1,0,0
21,33,8,7,'9d','8s',1,0,1,0,0
21,33,8,7,'9d','8s',1,0,1,0,0
21,34,8,8,'9d','9s',2,0,1,0,1
21,34,8,8,'9d','9s',2,0,1,0,1
21,35,8,9,'9d','Ts',2,0,1,0,0
21,35,8,9,'9d','Ts',2,0,1,0,0
21,36,8,10,'9d','Js',2,0,1,0,0
21,36,8,10,'9d','Js',2,0,1,0,0
21,37,8,11,'9d','Qs',2,1,1,0,0
21,37,8,11,'9d','Qs',2,1,1,0,0
21,38,8,12,'9d','Ks',2,1,1,0,0
21,38,8,12,'9d','Ks',2,1,1,0,0
21,39,8,0,'9d','Ac',2,1,0,0,0
21,39,8,0,'9d','Ac',2,1,0,0,0
21,40,8,1,'9d','2c',1,0,0,0,0
21,40,8,1,'9d','2c',1,0,0,0,0
21,41,8,2,'9d','3c',1,0,0,0,0
21,41,8,2,'9d','3c',1,0,0,0,0
21,42,8,3,'9d','4c',1,0,0,0,0
21,42,8,3,'9d','4c',1,0,0,0,0
21,43,8,4,'9d','5c',1,0,1,0,0
21,43,8,4,'9d','5c',1,0,1,0,0
21,44,8,5,'9d','6c',1,0,1,0,0
21,44,8,5,'9d','6c',1,0,1,0,0
21,45,8,6,'9d','7c',1,0,1,0,0
21,45,8,6,'9d','7c',1,0,1,0,0
21,46,8,7,'9d','8c',1,0,1,0,0
21,46,8,7,'9d','8c',1,0,1,0,0
21,47,8,8,'9d','9c',2,0,1,0,1
21,47,8,8,'9d','9c',2,0,1,0,1
21,48,8,9,'9d','Tc',2,0,1,0,0
21,48,8,9,'9d','Tc',2,0,1,0,0
21,49,8,10,'9d','Jc',2,0,1,0,0
21,49,8,10,'9d','Jc',2,0,1,0,0
21,50,8,11,'9d','Qc',2,1,1,0,0
21,50,8,11,'9d','Qc',2,1,1,0,0
21,51,8,12,'9d','Kc',2,1,1,0,0
21,51,8,12,'9d','Kc',2,1,1,0,0
22,23,9,10,'Td','Jd',2,0,1,1,0
22,23,9,10,'Td','Jd',2,0,1,1,0
22,24,9,11,'Td','Qd',2,1,1,1,0
22,24,9,11,'Td','Qd',2,1,1,1,0
22,25,9,12,'Td','Kd',2,1,1,1,0
22,25,9,12,'Td','Kd',2,1,1,1,0
22,26,9,0,'Td','As',2,1,1,0,0
22,26,9,0,'Td','As',2,1,1,0,0
22,27,9,1,'Td','2s',1,0,0,0,0
22,27,9,1,'Td','2s',1,0,0,0,0
22,28,9,2,'Td','3s',1,0,0,0,0
22,28,9,2,'Td','3s',1,0,0,0,0
22,29,9,3,'Td','4s',1,0,0,0,0
22,29,9,3,'Td','4s',1,0,0,0,0
22,30,9,4,'Td','5s',1,0,0,0,0
22,30,9,4,'Td','5s',1,0,0,0,0
22,31,9,5,'Td','6s',1,0,1,0,0
22,31,9,5,'Td','6s',1,0,1,0,0
22,32,9,6,'Td','7s',1,0,1,0,0
22,32,9,6,'Td','7s',1,0,1,0,0
22,33,9,7,'Td','8s',1,0,1,0,0
22,33,9,7,'Td','8s',1,0,1,0,0
22,34,9,8,'Td','9s',2,0,1,0,0
22,34,9,8,'Td','9s',2,0,1,0,0
22,35,9,9,'Td','Ts',2,0,1,0,1
22,35,9,9,'Td','Ts',2,0,1,0,1
22,36,9,10,'Td','Js',2,0,1,0,0
22,36,9,10,'Td','Js',2,0,1,0,0
22,37,9,11,'Td','Qs',2,1,1,0,0
22,37,9,11,'Td','Qs',2,1,1,0,0
22,38,9,12,'Td','Ks',2,1,1,0,0
22,38,9,12,'Td','Ks',2,1,1,0,0
22,39,9,0,'Td','Ac',2,1,1,0,0
22,39,9,0,'Td','Ac',2,1,1,0,0
22,40,9,1,'Td','2c',1,0,0,0,0
22,40,9,1,'Td','2c',1,0,0,0,0
22,41,9,2,'Td','3c',1,0,0,0,0
22,41,9,2,'Td','3c',1,0,0,0,0
22,42,9,3,'Td','4c',1,0,0,0,0
22,42,9,3,'Td','4c',1,0,0,0,0
22,43,9,4,'Td','5c',1,0,0,0,0
22,43,9,4,'Td','5c',1,0,0,0,0
22,44,9,5,'Td','6c',1,0,1,0,0
22,44,9,5,'Td','6c',1,0,1,0,0
22,45,9,6,'Td','7c',1,0,1,0,0
22,45,9,6,'Td','7c',1,0,1,0,0
22,46,9,7,'Td','8c',1,0,1,0,0
22,46,9,7,'Td','8c',1,0,1,0,0
22,47,9,8,'Td','9c',2,0,1,0,0
22,47,9,8,'Td','9c',2,0,1,0,0
22,48,9,9,'Td','Tc',2,0,1,0,1
22,48,9,9,'Td','Tc',2,0,1,0,1
22,49,9,10,'Td','Jc',2,0,1,0,0
22,49,9,10,'Td','Jc',2,0,1,0,0
22,50,9,11,'Td','Qc',2,1,1,0,0
22,50,9,11,'Td','Qc',2,1,1,0,0
22,51,9,12,'Td','Kc',2,1,1,0,0
22,51,9,12,'Td','Kc',2,1,1,0,0
23,24,10,11,'Jd','Qd',2,1,1,1,0
23,24,10,11,'Jd','Qd',2,1,1,1,0
23,25,10,12,'Jd','Kd',2,1,1,1,0
23,25,10,12,'Jd','Kd',2,1,1,1,0
23,26,10,0,'Jd','As',2,1,1,0,0
23,26,10,0,'Jd','As',2,1,1,0,0
23,27,10,1,'Jd','2s',1,0,0,0,0
23,27,10,1,'Jd','2s',1,0,0,0,0
23,28,10,2,'Jd','3s',1,0,0,0,0
23,28,10,2,'Jd','3s',1,0,0,0,0
23,29,10,3,'Jd','4s',1,0,0,0,0
23,29,10,3,'Jd','4s',1,0,0,0,0
23,30,10,4,'Jd','5s',1,0,0,0,0
23,30,10,4,'Jd','5s',1,0,0,0,0
23,31,10,5,'Jd','6s',1,0,0,0,0
23,31,10,5,'Jd','6s',1,0,0,0,0
23,32,10,6,'Jd','7s',1,0,1,0,0
23,32,10,6,'Jd','7s',1,0,1,0,0
23,33,10,7,'Jd','8s',1,0,1,0,0
23,33,10,7,'Jd','8s',1,0,1,0,0
23,34,10,8,'Jd','9s',2,0,1,0,0
23,34,10,8,'Jd','9s',2,0,1,0,0
23,35,10,9,'Jd','Ts',2,0,1,0,0
23,35,10,9,'Jd','Ts',2,0,1,0,0
23,36,10,10,'Jd','Js',2,0,1,0,1
23,36,10,10,'Jd','Js',2,0,1,0,1
23,37,10,11,'Jd','Qs',2,1,1,0,0
23,37,10,11,'Jd','Qs',2,1,1,0,0
23,38,10,12,'Jd','Ks',2,1,1,0,0
23,38,10,12,'Jd','Ks',2,1,1,0,0
23,39,10,0,'Jd','Ac',2,1,1,0,0
23,39,10,0,'Jd','Ac',2,1,1,0,0
23,40,10,1,'Jd','2c',1,0,0,0,0
23,40,10,1,'Jd','2c',1,0,0,0,0
23,41,10,2,'Jd','3c',1,0,0,0,0
23,41,10,2,'Jd','3c',1,0,0,0,0
23,42,10,3,'Jd','4c',1,0,0,0,0
23,42,10,3,'Jd','4c',1,0,0,0,0
23,43,10,4,'Jd','5c',1,0,0,0,0
23,43,10,4,'Jd','5c',1,0,0,0,0
23,44,10,5,'Jd','6c',1,0,0,0,0
23,44,10,5,'Jd','6c',1,0,0,0,0
23,45,10,6,'Jd','7c',1,0,1,0,0
23,45,10,6,'Jd','7c',1,0,1,0,0
23,46,10,7,'Jd','8c',1,0,1,0,0
23,46,10,7,'Jd','8c',1,0,1,0,0
23,47,10,8,'Jd','9c',2,0,1,0,0
23,47,10,8,'Jd','9c',2,0,1,0,0
23,48,10,9,'Jd','Tc',2,0,1,0,0
23,48,10,9,'Jd','Tc',2,0,1,0,0
23,49,10,10,'Jd','Jc',2,0,1,0,1
23,49,10,10,'Jd','Jc',2,0,1,0,1
23,50,10,11,'Jd','Qc',2,1,1,0,0
23,50,10,11,'Jd','Qc',2,1,1,0,0
23,51,10,12,'Jd','Kc',2,1,1,0,0
23,51,10,12,'Jd','Kc',2,1,1,0,0
24,25,11,12,'Qd','Kd',2,1,1,1,0
24,25,11,12,'Qd','Kd',2,1,1,1,0
24,26,11,0,'Qd','As',2,1,1,0,0
24,26,11,0,'Qd','As',2,1,1,0,0
24,27,11,1,'Qd','2s',1,1,0,0,0
24,27,11,1,'Qd','2s',1,1,0,0,0
24,28,11,2,'Qd','3s',1,1,0,0,0
24,28,11,2,'Qd','3s',1,1,0,0,0
24,29,11,3,'Qd','4s',1,1,0,0,0
24,29,11,3,'Qd','4s',1,1,0,0,0
24,30,11,4,'Qd','5s',1,1,0,0,0
24,30,11,4,'Qd','5s',1,1,0,0,0
24,31,11,5,'Qd','6s',1,1,0,0,0
24,31,11,5,'Qd','6s',1,1,0,0,0
24,32,11,6,'Qd','7s',1,1,0,0,0
24,32,11,6,'Qd','7s',1,1,0,0,0
24,33,11,7,'Qd','8s',1,1,1,0,0
24,33,11,7,'Qd','8s',1,1,1,0,0
24,34,11,8,'Qd','9s',2,1,1,0,0
24,34,11,8,'Qd','9s',2,1,1,0,0
24,35,11,9,'Qd','Ts',2,1,1,0,0
24,35,11,9,'Qd','Ts',2,1,1,0,0
24,36,11,10,'Qd','Js',2,1,1,0,0
24,36,11,10,'Qd','Js',2,1,1,0,0
24,37,11,11,'Qd','Qs',2,1,1,0,1
24,37,11,11,'Qd','Qs',2,1,1,0,1
24,38,11,12,'Qd','Ks',2,1,1,0,0
24,38,11,12,'Qd','Ks',2,1,1,0,0
24,39,11,0,'Qd','Ac',2,1,1,0,0
24,39,11,0,'Qd','Ac',2,1,1,0,0
24,40,11,1,'Qd','2c',1,1,0,0,0
24,40,11,1,'Qd','2c',1,1,0,0,0
24,41,11,2,'Qd','3c',1,1,0,0,0
24,41,11,2,'Qd','3c',1,1,0,0,0
24,42,11,3,'Qd','4c',1,1,0,0,0
24,42,11,3,'Qd','4c',1,1,0,0,0
24,43,11,4,'Qd','5c',1,1,0,0,0
24,43,11,4,'Qd','5c',1,1,0,0,0
24,44,11,5,'Qd','6c',1,1,0,0,0
24,44,11,5,'Qd','6c',1,1,0,0,0
24,45,11,6,'Qd','7c',1,1,0,0,0
24,45,11,6,'Qd','7c',1,1,0,0,0
24,46,11,7,'Qd','8c',1,1,1,0,0
24,46,11,7,'Qd','8c',1,1,1,0,0
24,47,11,8,'Qd','9c',2,1,1,0,0
24,47,11,8,'Qd','9c',2,1,1,0,0
24,48,11,9,'Qd','Tc',2,1,1,0,0
24,48,11,9,'Qd','Tc',2,1,1,0,0
24,49,11,10,'Qd','Jc',2,1,1,0,0
24,49,11,10,'Qd','Jc',2,1,1,0,0
24,50,11,11,'Qd','Qc',2,1,1,0,1
24,50,11,11,'Qd','Qc',2,1,1,0,1
24,51,11,12,'Qd','Kc',2,1,1,0,0
24,51,11,12,'Qd','Kc',2,1,1,0,0
25,26,12,0,'Kd','As',2,1,1,0,0
25,26,12,0,'Kd','As',2,1,1,0,0
25,27,12,1,'Kd','2s',1,1,0,0,0
25,27,12,1,'Kd','2s',1,1,0,0,0
25,28,12,2,'Kd','3s',1,1,0,0,0
25,28,12,2,'Kd','3s',1,1,0,0,0
25,29,12,3,'Kd','4s',1,1,0,0,0
25,29,12,3,'Kd','4s',1,1,0,0,0
25,30,12,4,'Kd','5s',1,1,0,0,0
25,30,12,4,'Kd','5s',1,1,0,0,0
25,31,12,5,'Kd','6s',1,1,0,0,0
25,31,12,5,'Kd','6s',1,1,0,0,0
25,32,12,6,'Kd','7s',1,1,0,0,0
25,32,12,6,'Kd','7s',1,1,0,0,0
25,33,12,7,'Kd','8s',1,1,0,0,0
25,33,12,7,'Kd','8s',1,1,0,0,0
25,34,12,8,'Kd','9s',2,1,1,0,0
25,34,12,8,'Kd','9s',2,1,1,0,0
25,35,12,9,'Kd','Ts',2,1,1,0,0
25,35,12,9,'Kd','Ts',2,1,1,0,0
25,36,12,10,'Kd','Js',2,1,1,0,0
25,36,12,10,'Kd','Js',2,1,1,0,0
25,37,12,11,'Kd','Qs',2,1,1,0,0
25,37,12,11,'Kd','Qs',2,1,1,0,0
25,38,12,12,'Kd','Ks',2,1,1,0,1
25,38,12,12,'Kd','Ks',2,1,1,0,1
25,39,12,0,'Kd','Ac',2,1,1,0,0
25,39,12,0,'Kd','Ac',2,1,1,0,0
25,40,12,1,'Kd','2c',1,1,0,0,0
25,40,12,1,'Kd','2c',1,1,0,0,0
25,41,12,2,'Kd','3c',1,1,0,0,0
25,41,12,2,'Kd','3c',1,1,0,0,0
25,42,12,3,'Kd','4c',1,1,0,0,0
25,42,12,3,'Kd','4c',1,1,0,0,0
25,43,12,4,'Kd','5c',1,1,0,0,0
25,43,12,4,'Kd','5c',1,1,0,0,0
25,44,12,5,'Kd','6c',1,1,0,0,0
25,44,12,5,'Kd','6c',1,1,0,0,0
25,45,12,6,'Kd','7c',1,1,0,0,0
25,45,12,6,'Kd','7c',1,1,0,0,0
25,46,12,7,'Kd','8c',1,1,0,0,0
25,46,12,7,'Kd','8c',1,1,0,0,0
25,47,12,8,'Kd','9c',2,1,1,0,0
25,47,12,8,'Kd','9c',2,1,1,0,0
25,48,12,9,'Kd','Tc',2,1,1,0,0
25,48,12,9,'Kd','Tc',2,1,1,0,0
25,49,12,10,'Kd','Jc',2,1,1,0,0
25,49,12,10,'Kd','Jc',2,1,1,0,0
25,50,12,11,'Kd','Qc',2,1,1,0,0
25,50,12,11,'Kd','Qc',2,1,1,0,0
25,51,12,12,'Kd','Kc',2,1,1,0,1
25,51,12,12,'Kd','Kc',2,1,1,0,1
26,27,0,1,'As','2s',1,1,1,1,0
26,27,0,1,'As','2s',1,1,1,1,0
26,28,0,2,'As','3s',1,1,1,1,0
26,28,0,2,'As','3s',1,1,1,1,0
26,29,0,3,'As','4s',1,1,1,1,0
26,29,0,3,'As','4s',1,1,1,1,0
26,30,0,4,'As','5s',1,1,1,1,0
26,30,0,4,'As','5s',1,1,1,1,0
26,31,0,5,'As','6s',1,1,0,1,0
26,31,0,5,'As','6s',1,1,0,1,0
26,32,0,6,'As','7s',1,1,0,1,0
26,32,0,6,'As','7s',1,1,0,1,0
26,33,0,7,'As','8s',1,1,0,1,0
26,33,0,7,'As','8s',1,1,0,1,0
26,34,0,8,'As','9s',2,1,0,1,0
26,34,0,8,'As','9s',2,1,0,1,0
26,35,0,9,'As','Ts',2,1,1,1,0
26,35,0,9,'As','Ts',2,1,1,1,0
26,36,0,10,'As','Js',2,1,1,1,0
26,36,0,10,'As','Js',2,1,1,1,0
26,37,0,11,'As','Qs',2,1,1,1,0
26,37,0,11,'As','Qs',2,1,1,1,0
26,38,0,12,'As','Ks',2,1,1,1,0
26,38,0,12,'As','Ks',2,1,1,1,0
26,39,0,0,'As','Ac',2,1,1,0,1
26,39,0,0,'As','Ac',2,1,1,0,1
26,40,0,1,'As','2c',1,1,1,0,0
26,40,0,1,'As','2c',1,1,1,0,0
26,41,0,2,'As','3c',1,1,1,0,0
26,41,0,2,'As','3c',1,1,1,0,0
26,42,0,3,'As','4c',1,1,1,0,0
26,42,0,3,'As','4c',1,1,1,0,0
26,43,0,4,'As','5c',1,1,1,0,0
26,43,0,4,'As','5c',1,1,1,0,0
26,44,0,5,'As','6c',1,1,0,0,0
26,44,0,5,'As','6c',1,1,0,0,0
26,45,0,6,'As','7c',1,1,0,0,0
26,45,0,6,'As','7c',1,1,0,0,0
26,46,0,7,'As','8c',1,1,0,0,0
26,46,0,7,'As','8c',1,1,0,0,0
26,47,0,8,'As','9c',2,1,0,0,0
26,47,0,8,'As','9c',2,1,0,0,0
26,48,0,9,'As','Tc',2,1,1,0,0
26,48,0,9,'As','Tc',2,1,1,0,0
26,49,0,10,'As','Jc',2,1,1,0,0
26,49,0,10,'As','Jc',2,1,1,0,0
26,50,0,11,'As','Qc',2,1,1,0,0
26,50,0,11,'As','Qc',2,1,1,0,0
26,51,0,12,'As','Kc',2,1,1,0,0
26,51,0,12,'As','Kc',2,1,1,0,0
27,28,1,2,'2s','3s',0,0,1,1,0
27,28,1,2,'2s','3s',0,0,1,1,0
27,29,1,3,'2s','4s',0,0,1,1,0
27,29,1,3,'2s','4s',0,0,1,1,0
27,30,1,4,'2s','5s',0,0,1,1,0
27,30,1,4,'2s','5s',0,0,1,1,0
27,31,1,5,'2s','6s',0,0,1,1,0
27,31,1,5,'2s','6s',0,0,1,1,0
27,32,1,6,'2s','7s',0,0,0,1,0
27,32,1,6,'2s','7s',0,0,0,1,0
27,33,1,7,'2s','8s',0,0,0,1,0
27,33,1,7,'2s','8s',0,0,0,1,0
27,34,1,8,'2s','9s',1,0,0,1,0
27,34,1,8,'2s','9s',1,0,0,1,0
27,35,1,9,'2s','Ts',1,0,0,1,0
27,35,1,9,'2s','Ts',1,0,0,1,0
27,36,1,10,'2s','Js',1,0,0,1,0
27,36,1,10,'2s','Js',1,0,0,1,0
27,37,1,11,'2s','Qs',1,1,0,1,0
27,37,1,11,'2s','Qs',1,1,0,1,0
27,38,1,12,'2s','Ks',1,1,0,1,0
27,38,1,12,'2s','Ks',1,1,0,1,0
27,39,1,0,'2s','Ac',1,1,1,0,0
27,39,1,0,'2s','Ac',1,1,1,0,0
27,40,1,1,'2s','2c',0,0,1,0,1
27,40,1,1,'2s','2c',0,0,1,0,1
27,41,1,2,'2s','3c',0,0,1,0,0
27,41,1,2,'2s','3c',0,0,1,0,0
27,42,1,3,'2s','4c',0,0,1,0,0
27,42,1,3,'2s','4c',0,0,1,0,0
27,43,1,4,'2s','5c',0,0,1,0,0
27,43,1,4,'2s','5c',0,0,1,0,0
27,44,1,5,'2s','6c',0,0,1,0,0
27,44,1,5,'2s','6c',0,0,1,0,0
27,45,1,6,'2s','7c',0,0,0,0,0
27,45,1,6,'2s','7c',0,0,0,0,0
27,46,1,7,'2s','8c',0,0,0,0,0
27,46,1,7,'2s','8c',0,0,0,0,0
27,47,1,8,'2s','9c',1,0,0,0,0
27,47,1,8,'2s','9c',1,0,0,0,0
27,48,1,9,'2s','Tc',1,0,0,0,0
27,48,1,9,'2s','Tc',1,0,0,0,0
27,49,1,10,'2s','Jc',1,0,0,0,0
27,49,1,10,'2s','Jc',1,0,0,0,0
27,50,1,11,'2s','Qc',1,1,0,0,0
27,50,1,11,'2s','Qc',1,1,0,0,0
27,51,1,12,'2s','Kc',1,1,0,0,0
27,51,1,12,'2s','Kc',1,1,0,0,0
28,29,2,3,'3s','4s',0,0,1,1,0
28,29,2,3,'3s','4s',0,0,1,1,0
28,30,2,4,'3s','5s',0,0,1,1,0
28,30,2,4,'3s','5s',0,0,1,1,0
28,31,2,5,'3s','6s',0,0,1,1,0
28,31,2,5,'3s','6s',0,0,1,1,0
28,32,2,6,'3s','7s',0,0,1,1,0
28,32,2,6,'3s','7s',0,0,1,1,0
28,33,2,7,'3s','8s',0,0,0,1,0
28,33,2,7,'3s','8s',0,0,0,1,0
28,34,2,8,'3s','9s',1,0,0,1,0
28,34,2,8,'3s','9s',1,0,0,1,0
28,35,2,9,'3s','Ts',1,0,0,1,0
28,35,2,9,'3s','Ts',1,0,0,1,0
28,36,2,10,'3s','Js',1,0,0,1,0
28,36,2,10,'3s','Js',1,0,0,1,0
28,37,2,11,'3s','Qs',1,1,0,1,0
28,37,2,11,'3s','Qs',1,1,0,1,0
28,38,2,12,'3s','Ks',1,1,0,1,0
28,38,2,12,'3s','Ks',1,1,0,1,0
28,39,2,0,'3s','Ac',1,1,1,0,0
28,39,2,0,'3s','Ac',1,1,1,0,0
28,40,2,1,'3s','2c',0,0,1,0,0
28,40,2,1,'3s','2c',0,0,1,0,0
28,41,2,2,'3s','3c',0,0,1,0,1
28,41,2,2,'3s','3c',0,0,1,0,1
28,42,2,3,'3s','4c',0,0,1,0,0
28,42,2,3,'3s','4c',0,0,1,0,0
28,43,2,4,'3s','5c',0,0,1,0,0
28,43,2,4,'3s','5c',0,0,1,0,0
28,44,2,5,'3s','6c',0,0,1,0,0
28,44,2,5,'3s','6c',0,0,1,0,0
28,45,2,6,'3s','7c',0,0,1,0,0
28,45,2,6,'3s','7c',0,0,1,0,0
28,46,2,7,'3s','8c',0,0,0,0,0
28,46,2,7,'3s','8c',0,0,0,0,0
28,47,2,8,'3s','9c',1,0,0,0,0
28,47,2,8,'3s','9c',1,0,0,0,0
28,48,2,9,'3s','Tc',1,0,0,0,0
28,48,2,9,'3s','Tc',1,0,0,0,0
28,49,2,10,'3s','Jc',1,0,0,0,0
28,49,2,10,'3s','Jc',1,0,0,0,0
28,50,2,11,'3s','Qc',1,1,0,0,0
28,50,2,11,'3s','Qc',1,1,0,0,0
28,51,2,12,'3s','Kc',1,1,0,0,0
28,51,2,12,'3s','Kc',1,1,0,0,0
29,30,3,4,'4s','5s',0,0,1,1,0
29,30,3,4,'4s','5s',0,0,1,1,0
29,31,3,5,'4s','6s',0,0,1,1,0
29,31,3,5,'4s','6s',0,0,1,1,0
29,32,3,6,'4s','7s',0,0,1,1,0
29,32,3,6,'4s','7s',0,0,1,1,0
29,33,3,7,'4s','8s',0,0,1,1,0
29,33,3,7,'4s','8s',0,0,1,1,0
29,34,3,8,'4s','9s',1,0,0,1,0
29,34,3,8,'4s','9s',1,0,0,1,0
29,35,3,9,'4s','Ts',1,0,0,1,0
29,35,3,9,'4s','Ts',1,0,0,1,0
29,36,3,10,'4s','Js',1,0,0,1,0
29,36,3,10,'4s','Js',1,0,0,1,0
29,37,3,11,'4s','Qs',1,1,0,1,0
29,37,3,11,'4s','Qs',1,1,0,1,0
29,38,3,12,'4s','Ks',1,1,0,1,0
29,38,3,12,'4s','Ks',1,1,0,1,0
29,39,3,0,'4s','Ac',1,1,1,0,0
29,39,3,0,'4s','Ac',1,1,1,0,0
29,40,3,1,'4s','2c',0,0,1,0,0
29,40,3,1,'4s','2c',0,0,1,0,0
29,41,3,2,'4s','3c',0,0,1,0,0
29,41,3,2,'4s','3c',0,0,1,0,0
29,42,3,3,'4s','4c',0,0,1,0,1
29,42,3,3,'4s','4c',0,0,1,0,1
29,43,3,4,'4s','5c',0,0,1,0,0
29,43,3,4,'4s','5c',0,0,1,0,0
29,44,3,5,'4s','6c',0,0,1,0,0
29,44,3,5,'4s','6c',0,0,1,0,0
29,45,3,6,'4s','7c',0,0,1,0,0
29,45,3,6,'4s','7c',0,0,1,0,0
29,46,3,7,'4s','8c',0,0,1,0,0
29,46,3,7,'4s','8c',0,0,1,0,0
29,47,3,8,'4s','9c',1,0,0,0,0
29,47,3,8,'4s','9c',1,0,0,0,0
29,48,3,9,'4s','Tc',1,0,0,0,0
29,48,3,9,'4s','Tc',1,0,0,0,0
29,49,3,10,'4s','Jc',1,0,0,0,0
29,49,3,10,'4s','Jc',1,0,0,0,0
29,50,3,11,'4s','Qc',1,1,0,0,0
29,50,3,11,'4s','Qc',1,1,0,0,0
29,51,3,12,'4s','Kc',1,1,0,0,0
29,51,3,12,'4s','Kc',1,1,0,0,0
30,31,4,5,'5s','6s',0,0,1,1,0
30,31,4,5,'5s','6s',0,0,1,1,0
30,32,4,6,'5s','7s',0,0,1,1,0
30,32,4,6,'5s','7s',0,0,1,1,0
30,33,4,7,'5s','8s',0,0,1,1,0
30,33,4,7,'5s','8s',0,0,1,1,0
30,34,4,8,'5s','9s',1,0,1,1,0
30,34,4,8,'5s','9s',1,0,1,1,0
30,35,4,9,'5s','Ts',1,0,0,1,0
30,35,4,9,'5s','Ts',1,0,0,1,0
30,36,4,10,'5s','Js',1,0,0,1,0
30,36,4,10,'5s','Js',1,0,0,1,0
30,37,4,11,'5s','Qs',1,1,0,1,0
30,37,4,11,'5s','Qs',1,1,0,1,0
30,38,4,12,'5s','Ks',1,1,0,1,0
30,38,4,12,'5s','Ks',1,1,0,1,0
30,39,4,0,'5s','Ac',1,1,1,0,0
30,39,4,0,'5s','Ac',1,1,1,0,0
30,40,4,1,'5s','2c',0,0,1,0,0
30,40,4,1,'5s','2c',0,0,1,0,0
30,41,4,2,'5s','3c',0,0,1,0,0
30,41,4,2,'5s','3c',0,0,1,0,0
30,42,4,3,'5s','4c',0,0,1,0,0
30,42,4,3,'5s','4c',0,0,1,0,0
30,43,4,4,'5s','5c',0,0,1,0,1
30,43,4,4,'5s','5c',0,0,1,0,1
30,44,4,5,'5s','6c',0,0,1,0,0
30,44,4,5,'5s','6c',0,0,1,0,0
30,45,4,6,'5s','7c',0,0,1,0,0
30,45,4,6,'5s','7c',0,0,1,0,0
30,46,4,7,'5s','8c',0,0,1,0,0
30,46,4,7,'5s','8c',0,0,1,0,0
30,47,4,8,'5s','9c',1,0,1,0,0
30,47,4,8,'5s','9c',1,0,1,0,0
30,48,4,9,'5s','Tc',1,0,0,0,0
30,48,4,9,'5s','Tc',1,0,0,0,0
30,49,4,10,'5s','Jc',1,0,0,0,0
30,49,4,10,'5s','Jc',1,0,0,0,0
30,50,4,11,'5s','Qc',1,1,0,0,0
30,50,4,11,'5s','Qc',1,1,0,0,0
30,51,4,12,'5s','Kc',1,1,0,0,0
30,51,4,12,'5s','Kc',1,1,0,0,0
31,32,5,6,'6s','7s',0,0,1,1,0
31,32,5,6,'6s','7s',0,0,1,1,0
31,33,5,7,'6s','8s',0,0,1,1,0
31,33,5,7,'6s','8s',0,0,1,1,0
31,34,5,8,'6s','9s',1,0,1,1,0
31,34,5,8,'6s','9s',1,0,1,1,0
31,35,5,9,'6s','Ts',1,0,1,1,0
31,35,5,9,'6s','Ts',1,0,1,1,0
31,36,5,10,'6s','Js',1,0,0,1,0
31,36,5,10,'6s','Js',1,0,0,1,0
31,37,5,11,'6s','Qs',1,1,0,1,0
31,37,5,11,'6s','Qs',1,1,0,1,0
31,38,5,12,'6s','Ks',1,1,0,1,0
31,38,5,12,'6s','Ks',1,1,0,1,0
31,39,5,0,'6s','Ac',1,1,0,0,0
31,39,5,0,'6s','Ac',1,1,0,0,0
31,40,5,1,'6s','2c',0,0,1,0,0
31,40,5,1,'6s','2c',0,0,1,0,0
31,41,5,2,'6s','3c',0,0,1,0,0
31,41,5,2,'6s','3c',0,0,1,0,0
31,42,5,3,'6s','4c',0,0,1,0,0
31,42,5,3,'6s','4c',0,0,1,0,0
31,43,5,4,'6s','5c',0,0,1,0,0
31,43,5,4,'6s','5c',0,0,1,0,0
31,44,5,5,'6s','6c',0,0,1,0,1
31,44,5,5,'6s','6c',0,0,1,0,1
31,45,5,6,'6s','7c',0,0,1,0,0
31,45,5,6,'6s','7c',0,0,1,0,0
31,46,5,7,'6s','8c',0,0,1,0,0
31,46,5,7,'6s','8c',0,0,1,0,0
31,47,5,8,'6s','9c',1,0,1,0,0
31,47,5,8,'6s','9c',1,0,1,0,0
31,48,5,9,'6s','Tc',1,0,1,0,0
31,48,5,9,'6s','Tc',1,0,1,0,0
31,49,5,10,'6s','Jc',1,0,0,0,0
31,49,5,10,'6s','Jc',1,0,0,0,0
31,50,5,11,'6s','Qc',1,1,0,0,0
31,50,5,11,'6s','Qc',1,1,0,0,0
31,51,5,12,'6s','Kc',1,1,0,0,0
31,51,5,12,'6s','Kc',1,1,0,0,0
32,33,6,7,'7s','8s',0,0,1,1,0
32,33,6,7,'7s','8s',0,0,1,1,0
32,34,6,8,'7s','9s',1,0,1,1,0
32,34,6,8,'7s','9s',1,0,1,1,0
32,35,6,9,'7s','Ts',1,0,1,1,0
32,35,6,9,'7s','Ts',1,0,1,1,0
32,36,6,10,'7s','Js',1,0,1,1,0
32,36,6,10,'7s','Js',1,0,1,1,0
32,37,6,11,'7s','Qs',1,1,0,1,0
32,37,6,11,'7s','Qs',1,1,0,1,0
32,38,6,12,'7s','Ks',1,1,0,1,0
32,38,6,12,'7s','Ks',1,1,0,1,0
32,39,6,0,'7s','Ac',1,1,0,0,0
32,39,6,0,'7s','Ac',1,1,0,0,0
32,40,6,1,'7s','2c',0,0,0,0,0
32,40,6,1,'7s','2c',0,0,0,0,0
32,41,6,2,'7s','3c',0,0,1,0,0
32,41,6,2,'7s','3c',0,0,1,0,0
32,42,6,3,'7s','4c',0,0,1,0,0
32,42,6,3,'7s','4c',0,0,1,0,0
32,43,6,4,'7s','5c',0,0,1,0,0
32,43,6,4,'7s','5c',0,0,1,0,0
32,44,6,5,'7s','6c',0,0,1,0,0
32,44,6,5,'7s','6c',0,0,1,0,0
32,45,6,6,'7s','7c',0,0,1,0,1
32,45,6,6,'7s','7c',0,0,1,0,1
32,46,6,7,'7s','8c',0,0,1,0,0
32,46,6,7,'7s','8c',0,0,1,0,0
32,47,6,8,'7s','9c',1,0,1,0,0
32,47,6,8,'7s','9c',1,0,1,0,0
32,48,6,9,'7s','Tc',1,0,1,0,0
32,48,6,9,'7s','Tc',1,0,1,0,0
32,49,6,10,'7s','Jc',1,0,1,0,0
32,49,6,10,'7s','Jc',1,0,1,0,0
32,50,6,11,'7s','Qc',1,1,0,0,0
32,50,6,11,'7s','Qc',1,1,0,0,0
32,51,6,12,'7s','Kc',1,1,0,0,0
32,51,6,12,'7s','Kc',1,1,0,0,0
33,34,7,8,'8s','9s',1,0,1,1,0
33,34,7,8,'8s','9s',1,0,1,1,0
33,35,7,9,'8s','Ts',1,0,1,1,0
33,35,7,9,'8s','Ts',1,0,1,1,0
33,36,7,10,'8s','Js',1,0,1,1,0
33,36,7,10,'8s','Js',1,0,1,1,0
33,37,7,11,'8s','Qs',1,1,1,1,0
33,37,7,11,'8s','Qs',1,1,1,1,0
33,38,7,12,'8s','Ks',1,1,0,1,0
33,38,7,12,'8s','Ks',1,1,0,1,0
33,39,7,0,'8s','Ac',1,1,0,0,0
33,39,7,0,'8s','Ac',1,1,0,0,0
33,40,7,1,'8s','2c',0,0,0,0,0
33,40,7,1,'8s','2c',0,0,0,0,0
33,41,7,2,'8s','3c',0,0,0,0,0
33,41,7,2,'8s','3c',0,0,0,0,0
33,42,7,3,'8s','4c',0,0,1,0,0
33,42,7,3,'8s','4c',0,0,1,0,0
33,43,7,4,'8s','5c',0,0,1,0,0
33,43,7,4,'8s','5c',0,0,1,0,0
33,44,7,5,'8s','6c',0,0,1,0,0
33,44,7,5,'8s','6c',0,0,1,0,0
33,45,7,6,'8s','7c',0,0,1,0,0
33,45,7,6,'8s','7c',0,0,1,0,0
33,46,7,7,'8s','8c',0,0,1,0,1
33,46,7,7,'8s','8c',0,0,1,0,1
33,47,7,8,'8s','9c',1,0,1,0,0
33,47,7,8,'8s','9c',1,0,1,0,0
33,48,7,9,'8s','Tc',1,0,1,0,0
33,48,7,9,'8s','Tc',1,0,1,0,0
33,49,7,10,'8s','Jc',1,0,1,0,0
33,49,7,10,'8s','Jc',1,0,1,0,0
33,50,7,11,'8s','Qc',1,1,1,0,0
33,50,7,11,'8s','Qc',1,1,1,0,0
33,51,7,12,'8s','Kc',1,1,0,0,0
33,51,7,12,'8s','Kc',1,1,0,0,0
34,35,8,9,'9s','Ts',2,0,1,1,0
34,35,8,9,'9s','Ts',2,0,1,1,0
34,36,8,10,'9s','Js',2,0,1,1,0
34,36,8,10,'9s','Js',2,0,1,1,0
34,37,8,11,'9s','Qs',2,1,1,1,0
34,37,8,11,'9s','Qs',2,1,1,1,0
34,38,8,12,'9s','Ks',2,1,1,1,0
34,38,8,12,'9s','Ks',2,1,1,1,0
34,39,8,0,'9s','Ac',2,1,0,0,0
34,39,8,0,'9s','Ac',2,1,0,0,0
34,40,8,1,'9s','2c',1,0,0,0,0
34,40,8,1,'9s','2c',1,0,0,0,0
34,41,8,2,'9s','3c',1,0,0,0,0
34,41,8,2,'9s','3c',1,0,0,0,0
34,42,8,3,'9s','4c',1,0,0,0,0
34,42,8,3,'9s','4c',1,0,0,0,0
34,43,8,4,'9s','5c',1,0,1,0,0
34,43,8,4,'9s','5c',1,0,1,0,0
34,44,8,5,'9s','6c',1,0,1,0,0
34,44,8,5,'9s','6c',1,0,1,0,0
34,45,8,6,'9s','7c',1,0,1,0,0
34,45,8,6,'9s','7c',1,0,1,0,0
34,46,8,7,'9s','8c',1,0,1,0,0
34,46,8,7,'9s','8c',1,0,1,0,0
34,47,8,8,'9s','9c',2,0,1,0,1
34,47,8,8,'9s','9c',2,0,1,0,1
34,48,8,9,'9s','Tc',2,0,1,0,0
34,48,8,9,'9s','Tc',2,0,1,0,0
34,49,8,10,'9s','Jc',2,0,1,0,0
34,49,8,10,'9s','Jc',2,0,1,0,0
34,50,8,11,'9s','Qc',2,1,1,0,0
34,50,8,11,'9s','Qc',2,1,1,0,0
34,51,8,12,'9s','Kc',2,1,1,0,0
34,51,8,12,'9s','Kc',2,1,1,0,0
35,36,9,10,'Ts','Js',2,0,1,1,0
35,36,9,10,'Ts','Js',2,0,1,1,0
35,37,9,11,'Ts','Qs',2,1,1,1,0
35,37,9,11,'Ts','Qs',2,1,1,1,0
35,38,9,12,'Ts','Ks',2,1,1,1,0
35,38,9,12,'Ts','Ks',2,1,1,1,0
35,39,9,0,'Ts','Ac',2,1,1,0,0
35,39,9,0,'Ts','Ac',2,1,1,0,0
35,40,9,1,'Ts','2c',1,0,0,0,0
35,40,9,1,'Ts','2c',1,0,0,0,0
35,41,9,2,'Ts','3c',1,0,0,0,0
35,41,9,2,'Ts','3c',1,0,0,0,0
35,42,9,3,'Ts','4c',1,0,0,0,0
35,42,9,3,'Ts','4c',1,0,0,0,0
35,43,9,4,'Ts','5c',1,0,0,0,0
35,43,9,4,'Ts','5c',1,0,0,0,0
35,44,9,5,'Ts','6c',1,0,1,0,0
35,44,9,5,'Ts','6c',1,0,1,0,0
35,45,9,6,'Ts','7c',1,0,1,0,0
35,45,9,6,'Ts','7c',1,0,1,0,0
35,46,9,7,'Ts','8c',1,0,1,0,0
35,46,9,7,'Ts','8c',1,0,1,0,0
35,47,9,8,'Ts','9c',2,0,1,0,0
35,47,9,8,'Ts','9c',2,0,1,0,0
35,48,9,9,'Ts','Tc',2,0,1,0,1
35,48,9,9,'Ts','Tc',2,0,1,0,1
35,49,9,10,'Ts','Jc',2,0,1,0,0
35,49,9,10,'Ts','Jc',2,0,1,0,0
35,50,9,11,'Ts','Qc',2,1,1,0,0
35,50,9,11,'Ts','Qc',2,1,1,0,0
35,51,9,12,'Ts','Kc',2,1,1,0,0
35,51,9,12,'Ts','Kc',2,1,1,0,0
36,37,10,11,'Js','Qs',2,1,1,1,0
36,37,10,11,'Js','Qs',2,1,1,1,0
36,38,10,12,'Js','Ks',2,1,1,1,0
36,38,10,12,'Js','Ks',2,1,1,1,0
36,39,10,0,'Js','Ac',2,1,1,0,0
36,39,10,0,'Js','Ac',2,1,1,0,0
36,40,10,1,'Js','2c',1,0,0,0,0
36,40,10,1,'Js','2c',1,0,0,0,0
36,41,10,2,'Js','3c',1,0,0,0,0
36,41,10,2,'Js','3c',1,0,0,0,0
36,42,10,3,'Js','4c',1,0,0,0,0
36,42,10,3,'Js','4c',1,0,0,0,0
36,43,10,4,'Js','5c',1,0,0,0,0
36,43,10,4,'Js','5c',1,0,0,0,0
36,44,10,5,'Js','6c',1,0,0,0,0
36,44,10,5,'Js','6c',1,0,0,0,0
36,45,10,6,'Js','7c',1,0,1,0,0
36,45,10,6,'Js','7c',1,0,1,0,0
36,46,10,7,'Js','8c',1,0,1,0,0
36,46,10,7,'Js','8c',1,0,1,0,0
36,47,10,8,'Js','9c',2,0,1,0,0
36,47,10,8,'Js','9c',2,0,1,0,0
36,48,10,9,'Js','Tc',2,0,1,0,0
36,48,10,9,'Js','Tc',2,0,1,0,0
36,49,10,10,'Js','Jc',2,0,1,0,1
36,49,10,10,'Js','Jc',2,0,1,0,1
36,50,10,11,'Js','Qc',2,1,1,0,0
36,50,10,11,'Js','Qc',2,1,1,0,0
36,51,10,12,'Js','Kc',2,1,1,0,0
36,51,10,12,'Js','Kc',2,1,1,0,0
37,38,11,12,'Qs','Ks',2,1,1,1,0
37,38,11,12,'Qs','Ks',2,1,1,1,0
37,39,11,0,'Qs','Ac',2,1,1,0,0
37,39,11,0,'Qs','Ac',2,1,1,0,0
37,40,11,1,'Qs','2c',1,1,0,0,0
37,40,11,1,'Qs','2c',1,1,0,0,0
37,41,11,2,'Qs','3c',1,1,0,0,0
37,41,11,2,'Qs','3c',1,1,0,0,0
37,42,11,3,'Qs','4c',1,1,0,0,0
37,42,11,3,'Qs','4c',1,1,0,0,0
37,43,11,4,'Qs','5c',1,1,0,0,0
37,43,11,4,'Qs','5c',1,1,0,0,0
37,44,11,5,'Qs','6c',1,1,0,0,0
37,44,11,5,'Qs','6c',1,1,0,0,0
37,45,11,6,'Qs','7c',1,1,0,0,0
37,45,11,6,'Qs','7c',1,1,0,0,0
37,46,11,7,'Qs','8c',1,1,1,0,0
37,46,11,7,'Qs','8c',1,1,1,0,0
37,47,11,8,'Qs','9c',2,1,1,0,0
37,47,11,8,'Qs','9c',2,1,1,0,0
37,48,11,9,'Qs','Tc',2,1,1,0,0
37,48,11,9,'Qs','Tc',2,1,1,0,0
37,49,11,10,'Qs','Jc',2,1,1,0,0
37,49,11,10,'Qs','Jc',2,1,1,0,0
37,50,11,11,'Qs','Qc',2,1,1,0,1
37,50,11,11,'Qs','Qc',2,1,1,0,1
37,51,11,12,'Qs','Kc',2,1,1,0,0
37,51,11,12,'Qs','Kc',2,1,1,0,0
38,39,12,0,'Ks','Ac',2,1,1,0,0
38,39,12,0,'Ks','Ac',2,1,1,0,0
38,40,12,1,'Ks','2c',1,1,0,0,0
38,40,12,1,'Ks','2c',1,1,0,0,0
38,41,12,2,'Ks','3c',1,1,0,0,0
38,41,12,2,'Ks','3c',1,1,0,0,0
38,42,12,3,'Ks','4c',1,1,0,0,0
38,42,12,3,'Ks','4c',1,1,0,0,0
38,43,12,4,'Ks','5c',1,1,0,0,0
38,43,12,4,'Ks','5c',1,1,0,0,0
38,44,12,5,'Ks','6c',1,1,0,0,0
38,44,12,5,'Ks','6c',1,1,0,0,0
38,45,12,6,'Ks','7c',1,1,0,0,0
38,45,12,6,'Ks','7c',1,1,0,0,0
38,46,12,7,'Ks','8c',1,1,0,0,0
38,46,12,7,'Ks','8c',1,1,0,0,0
38,47,12,8,'Ks','9c',2,1,1,0,0
38,47,12,8,'Ks','9c',2,1,1,0,0
38,48,12,9,'Ks','Tc',2,1,1,0,0
38,48,12,9,'Ks','Tc',2,1,1,0,0
38,49,12,10,'Ks','Jc',2,1,1,0,0
38,49,12,10,'Ks','Jc',2,1,1,0,0
38,50,12,11,'Ks','Qc',2,1,1,0,0
38,50,12,11,'Ks','Qc',2,1,1,0,0
38,51,12,12,'Ks','Kc',2,1,1,0,1
38,51,12,12,'Ks','Kc',2,1,1,0,1
39,40,0,1,'Ac','2c',1,1,1,1,0
39,40,0,1,'Ac','2c',1,1,1,1,0
39,41,0,2,'Ac','3c',1,1,1,1,0
39,41,0,2,'Ac','3c',1,1,1,1,0
39,42,0,3,'Ac','4c',1,1,1,1,0
39,42,0,3,'Ac','4c',1,1,1,1,0
39,43,0,4,'Ac','5c',1,1,1,1,0
39,43,0,4,'Ac','5c',1,1,1,1,0
39,44,0,5,'Ac','6c',1,1,0,1,0
39,44,0,5,'Ac','6c',1,1,0,1,0
39,45,0,6,'Ac','7c',1,1,0,1,0
39,45,0,6,'Ac','7c',1,1,0,1,0
39,46,0,7,'Ac','8c',1,1,0,1,0
39,46,0,7,'Ac','8c',1,1,0,1,0
39,47,0,8,'Ac','9c',2,1,0,1,0
39,47,0,8,'Ac','9c',2,1,0,1,0
39,48,0,9,'Ac','Tc',2,1,1,1,0
39,48,0,9,'Ac','Tc',2,1,1,1,0
39,49,0,10,'Ac','Jc',2,1,1,1,0
39,49,0,10,'Ac','Jc',2,1,1,1,0
39,50,0,11,'Ac','Qc',2,1,1,1,0
39,50,0,11,'Ac','Qc',2,1,1,1,0
39,51,0,12,'Ac','Kc',2,1,1,1,0
39,51,0,12,'Ac','Kc',2,1,1,1,0
40,41,1,2,'2c','3c',0,0,1,1,0
40,41,1,2,'2c','3c',0,0,1,1,0
40,42,1,3,'2c','4c',0,0,1,1,0
40,42,1,3,'2c','4c',0,0,1,1,0
40,43,1,4,'2c','5c',0,0,1,1,0
40,43,1,4,'2c','5c',0,0,1,1,0
40,44,1,5,'2c','6c',0,0,1,1,0
40,44,1,5,'2c','6c',0,0,1,1,0
40,45,1,6,'2c','7c',0,0,0,1,0
40,45,1,6,'2c','7c',0,0,0,1,0
40,46,1,7,'2c','8c',0,0,0,1,0
40,46,1,7,'2c','8c',0,0,0,1,0
40,47,1,8,'2c','9c',1,0,0,1,0
40,47,1,8,'2c','9c',1,0,0,1,0
40,48,1,9,'2c','Tc',1,0,0,1,0
40,48,1,9,'2c','Tc',1,0,0,1,0
40,49,1,10,'2c','Jc',1,0,0,1,0
40,49,1,10,'2c','Jc',1,0,0,1,0
40,50,1,11,'2c','Qc',1,1,0,1,0
40,50,1,11,'2c','Qc',1,1,0,1,0
40,51,1,12,'2c','Kc',1,1,0,1,0
40,51,1,12,'2c','Kc',1,1,0,1,0
41,42,2,3,'3c','4c',0,0,1,1,0
41,42,2,3,'3c','4c',0,0,1,1,0
41,43,2,4,'3c','5c',0,0,1,1,0
41,43,2,4,'3c','5c',0,0,1,1,0
41,44,2,5,'3c','6c',0,0,1,1,0
41,44,2,5,'3c','6c',0,0,1,1,0
41,45,2,6,'3c','7c',0,0,1,1,0
41,45,2,6,'3c','7c',0,0,1,1,0
41,46,2,7,'3c','8c',0,0,0,1,0
41,46,2,7,'3c','8c',0,0,0,1,0
41,47,2,8,'3c','9c',1,0,0,1,0
41,47,2,8,'3c','9c',1,0,0,1,0
41,48,2,9,'3c','Tc',1,0,0,1,0
41,48,2,9,'3c','Tc',1,0,0,1,0
41,49,2,10,'3c','Jc',1,0,0,1,0
41,49,2,10,'3c','Jc',1,0,0,1,0
41,50,2,11,'3c','Qc',1,1,0,1,0
41,50,2,11,'3c','Qc',1,1,0,1,0
41,51,2,12,'3c','Kc',1,1,0,1,0
41,51,2,12,'3c','Kc',1,1,0,1,0
42,43,3,4,'4c','5c',0,0,1,1,0
42,43,3,4,'4c','5c',0,0,1,1,0
42,44,3,5,'4c','6c',0,0,1,1,0
42,44,3,5,'4c','6c',0,0,1,1,0
42,45,3,6,'4c','7c',0,0,1,1,0
42,45,3,6,'4c','7c',0,0,1,1,0
42,46,3,7,'4c','8c',0,0,1,1,0
42,46,3,7,'4c','8c',0,0,1,1,0
42,47,3,8,'4c','9c',1,0,0,1,0
42,47,3,8,'4c','9c',1,0,0,1,0
42,48,3,9,'4c','Tc',1,0,0,1,0
42,48,3,9,'4c','Tc',1,0,0,1,0
42,49,3,10,'4c','Jc',1,0,0,1,0
42,49,3,10,'4c','Jc',1,0,0,1,0
42,50,3,11,'4c','Qc',1,1,0,1,0
42,50,3,11,'4c','Qc',1,1,0,1,0
42,51,3,12,'4c','Kc',1,1,0,1,0
42,51,3,12,'4c','Kc',1,1,0,1,0
43,44,4,5,'5c','6c',0,0,1,1,0
43,44,4,5,'5c','6c',0,0,1,1,0
43,45,4,6,'5c','7c',0,0,1,1,0
43,45,4,6,'5c','7c',0,0,1,1,0
43,46,4,7,'5c','8c',0,0,1,1,0
43,46,4,7,'5c','8c',0,0,1,1,0
43,47,4,8,'5c','9c',1,0,1,1,0
43,47,4,8,'5c','9c',1,0,1,1,0
43,48,4,9,'5c','Tc',1,0,0,1,0
43,48,4,9,'5c','Tc',1,0,0,1,0
43,49,4,10,'5c','Jc',1,0,0,1,0
43,49,4,10,'5c','Jc',1,0,0,1,0
43,50,4,11,'5c','Qc',1,1,0,1,0
43,50,4,11,'5c','Qc',1,1,0,1,0
43,51,4,12,'5c','Kc',1,1,0,1,0
43,51,4,12,'5c','Kc',1,1,0,1,0
44,45,5,6,'6c','7c',0,0,1,1,0
44,45,5,6,'6c','7c',0,0,1,1,0
44,46,5,7,'6c','8c',0,0,1,1,0
44,46,5,7,'6c','8c',0,0,1,1,0
44,47,5,8,'6c','9c',1,0,1,1,0
44,47,5,8,'6c','9c',1,0,1,1,0
44,48,5,9,'6c','Tc',1,0,1,1,0
44,48,5,9,'6c','Tc',1,0,1,1,0
44,49,5,10,'6c','Jc',1,0,0,1,0
44,49,5,10,'6c','Jc',1,0,0,1,0
44,50,5,11,'6c','Qc',1,1,0,1,0
44,50,5,11,'6c','Qc',1,1,0,1,0
44,51,5,12,'6c','Kc',1,1,0,1,0
44,51,5,12,'6c','Kc',1,1,0,1,0
45,46,6,7,'7c','8c',0,0,1,1,0
45,46,6,7,'7c','8c',0,0,1,1,0
45,47,6,8,'7c','9c',1,0,1,1,0
45,47,6,8,'7c','9c',1,0,1,1,0
45,48,6,9,'7c','Tc',1,0,1,1,0
45,48,6,9,'7c','Tc',1,0,1,1,0
45,49,6,10,'7c','Jc',1,0,1,1,0
45,49,6,10,'7c','Jc',1,0,1,1,0
45,50,6,11,'7c','Qc',1,1,0,1,0
45,50,6,11,'7c','Qc',1,1,0,1,0
45,51,6,12,'7c','Kc',1,1,0,1,0
45,51,6,12,'7c','Kc',1,1,0,1,0
46,47,7,8,'8c','9c',1,0,1,1,0
46,47,7,8,'8c','9c',1,0,1,1,0
46,48,7,9,'8c','Tc',1,0,1,1,0
46,48,7,9,'8c','Tc',1,0,1,1,0
46,49,7,10,'8c','Jc',1,0,1,1,0
46,49,7,10,'8c','Jc',1,0,1,1,0
46,50,7,11,'8c','Qc',1,1,1,1,0
46,50,7,11,'8c','Qc',1,1,1,1,0
46,51,7,12,'8c','Kc',1,1,0,1,0
46,51,7,12,'8c','Kc',1,1,0,1,0
47,48,8,9,'9c','Tc',2,0,1,1,0
47,48,8,9,'9c','Tc',2,0,1,1,0
47,49,8,10,'9c','Jc',2,0,1,1,0
47,49,8,10,'9c','Jc',2,0,1,1,0
47,50,8,11,'9c','Qc',2,1,1,1,0
47,50,8,11,'9c','Qc',2,1,1,1,0
47,51,8,12,'9c','Kc',2,1,1,1,0
47,51,8,12,'9c','Kc',2,1,1,1,0
48,49,9,10,'Tc','Jc',2,0,1,1,0
48,49,9,10,'Tc','Jc',2,0,1,1,0
48,50,9,11,'Tc','Qc',2,1,1,1,0
48,50,9,11,'Tc','Qc',2,1,1,1,0
48,51,9,12,'Tc','Kc',2,1,1,1,0
48,51,9,12,'Tc','Kc',2,1,1,1,0
49,50,10,11,'Jc','Qc',2,1,1,1,0
49,50,10,11,'Jc','Qc',2,1,1,1,0
49,51,10,12,'Jc','Kc',2,1,1,1,0
49,51,10,12,'Jc','Kc',2,1,1,1,0
50,51,11,12,'Qc','Kc',2,1,1,1,0
50,51,11,12,'Qc','Kc',2,1,1,1,0